seed,arm,step,evaluation_horizon,sequence_index,bpc
42,ascending,2000,32,0,2.4660167694091797
42,ascending,2000,32,1,2.515749931335449
42,ascending,2000,32,2,1.7739965915679932
42,ascending,2000,32,3,1.7209748029708862
42,ascending,2000,32,4,2.2957561016082764
42,ascending,2000,32,5,2.157881259918213
42,ascending,2000,32,6,1.9733833074569702
42,ascending,2000,32,7,6.24902868270874
42,ascending,2000,32,8,2.620943307876587
42,ascending,2000,32,9,2.3547005653381348
42,ascending,2000,32,10,2.774580240249634
42,ascending,2000,32,11,1.8662163019180298
42,ascending,2000,32,12,2.3524010181427
42,ascending,2000,32,13,1.6167964935302734
42,ascending,2000,32,14,2.002521276473999
42,ascending,2000,32,15,2.6015329360961914
42,ascending,2000,32,16,1.9492747783660889
42,ascending,2000,32,17,1.5083575248718262
42,ascending,2000,32,18,3.1444849967956543
42,ascending,2000,32,19,2.3267996311187744
42,ascending,2000,32,20,1.6708847284317017
42,ascending,2000,32,21,2.1277198791503906
42,ascending,2000,32,22,1.7965418100357056
42,ascending,2000,32,23,2.5203349590301514
42,ascending,2000,32,24,1.8376301527023315
42,ascending,2000,32,25,2.8219289779663086
42,ascending,2000,32,26,1.4815027713775635
42,ascending,2000,32,27,3.233314037322998
42,ascending,2000,32,28,2.049028158187866
42,ascending,2000,32,29,2.159165859222412
42,ascending,2000,32,30,2.9658010005950928
42,ascending,2000,32,31,3.9794294834136963
42,ascending,2000,64,0,2.2934234142303467
42,ascending,2000,64,1,2.459350347518921
42,ascending,2000,64,2,1.5061718225479126
42,ascending,2000,64,3,1.6966238021850586
42,ascending,2000,64,4,1.6847076416015625
42,ascending,2000,64,5,1.9056966304779053
42,ascending,2000,64,6,1.9523260593414307
42,ascending,2000,64,7,6.377233505249023
42,ascending,2000,64,8,2.474849224090576
42,ascending,2000,64,9,2.2073590755462646
42,ascending,2000,64,10,2.6210970878601074
42,ascending,2000,64,11,1.5771064758300781
42,ascending,2000,64,12,2.174515962600708
42,ascending,2000,64,13,1.389516830444336
42,ascending,2000,64,14,1.7489280700683594
42,ascending,2000,64,15,2.562276601791382
42,ascending,2000,64,16,1.7414886951446533
42,ascending,2000,64,17,1.4854711294174194
42,ascending,2000,64,18,2.749441146850586
42,ascending,2000,64,19,2.2464253902435303
42,ascending,2000,64,20,1.692077398300171
42,ascending,2000,64,21,2.0922257900238037
42,ascending,2000,64,22,1.6675523519515991
42,ascending,2000,64,23,2.1795601844787598
42,ascending,2000,64,24,1.5313632488250732
42,ascending,2000,64,25,2.621527671813965
42,ascending,2000,64,26,1.3058713674545288
42,ascending,2000,64,27,3.2575042247772217
42,ascending,2000,64,28,2.1468894481658936
42,ascending,2000,64,29,1.6744111776351929
42,ascending,2000,64,30,3.068376064300537
42,ascending,2000,64,31,3.7135939598083496
42,ascending,2000,128,0,2.3178157806396484
42,ascending,2000,128,1,2.472499370574951
42,ascending,2000,128,2,1.5297801494598389
42,ascending,2000,128,3,1.6786518096923828
42,ascending,2000,128,4,1.6680797338485718
42,ascending,2000,128,5,1.9139518737792969
42,ascending,2000,128,6,1.9862486124038696
42,ascending,2000,128,7,6.26874303817749
42,ascending,2000,128,8,2.474257230758667
42,ascending,2000,128,9,2.210094928741455
42,ascending,2000,128,10,2.6514739990234375
42,ascending,2000,128,11,1.5766202211380005
42,ascending,2000,128,12,2.1516430377960205
42,ascending,2000,128,13,1.4096280336380005
42,ascending,2000,128,14,1.750559687614441
42,ascending,2000,128,15,2.5138700008392334
42,ascending,2000,128,16,1.717908263206482
42,ascending,2000,128,17,1.4429328441619873
42,ascending,2000,128,18,2.791574716567993
42,ascending,2000,128,19,2.2391326427459717
42,ascending,2000,128,20,1.7185568809509277
42,ascending,2000,128,21,2.0875399112701416
42,ascending,2000,128,22,1.6841963529586792
42,ascending,2000,128,23,2.1460466384887695
42,ascending,2000,128,24,1.5357524156570435
42,ascending,2000,128,25,2.6341638565063477
42,ascending,2000,128,26,1.3016562461853027
42,ascending,2000,128,27,3.2594079971313477
42,ascending,2000,128,28,2.182265520095825
42,ascending,2000,128,29,1.6780890226364136
42,ascending,2000,128,30,3.087355375289917
42,ascending,2000,128,31,3.812300443649292
42,ascending,2000,256,0,2.2935378551483154
42,ascending,2000,256,1,2.4647278785705566
42,ascending,2000,256,2,1.5697952508926392
42,ascending,2000,256,3,1.6962876319885254
42,ascending,2000,256,4,1.5855580568313599
42,ascending,2000,256,5,1.9552812576293945
42,ascending,2000,256,6,1.9642977714538574
42,ascending,2000,256,7,6.277541637420654
42,ascending,2000,256,8,2.4395148754119873
42,ascending,2000,256,9,2.184420347213745
42,ascending,2000,256,10,2.6807565689086914
42,ascending,2000,256,11,1.5273122787475586
42,ascending,2000,256,12,2.1706862449645996
42,ascending,2000,256,13,1.42891263961792
42,ascending,2000,256,14,1.7496551275253296
42,ascending,2000,256,15,2.520869016647339
42,ascending,2000,256,16,1.7245104312896729
42,ascending,2000,256,17,1.4447872638702393
42,ascending,2000,256,18,2.846371650695801
42,ascending,2000,256,19,2.2052197456359863
42,ascending,2000,256,20,1.7181202173233032
42,ascending,2000,256,21,2.0393431186676025
42,ascending,2000,256,22,1.7947735786437988
42,ascending,2000,256,23,2.149698257446289
42,ascending,2000,256,24,1.4959430694580078
42,ascending,2000,256,25,2.60206937789917
42,ascending,2000,256,26,1.29613196849823
42,ascending,2000,256,27,3.2087180614471436
42,ascending,2000,256,28,2.2357518672943115
42,ascending,2000,256,29,1.7479366064071655
42,ascending,2000,256,30,3.1796681880950928
42,ascending,2000,256,31,3.8594014644622803
42,ascending,2500,32,0,2.537485361099243
42,ascending,2500,32,1,2.7682716846466064
42,ascending,2500,32,2,1.7093603610992432
42,ascending,2500,32,3,1.6299117803573608
42,ascending,2500,32,4,2.5663435459136963
42,ascending,2500,32,5,2.278348922729492
42,ascending,2500,32,6,2.199256658554077
42,ascending,2500,32,7,6.711713790893555
42,ascending,2500,32,8,2.7624728679656982
42,ascending,2500,32,9,2.4366455078125
42,ascending,2500,32,10,2.8319525718688965
42,ascending,2500,32,11,2.1399173736572266
42,ascending,2500,32,12,2.376758337020874
42,ascending,2500,32,13,1.5643093585968018
42,ascending,2500,32,14,1.8755815029144287
42,ascending,2500,32,15,2.913654088973999
42,ascending,2500,32,16,2.063821792602539
42,ascending,2500,32,17,1.6380809545516968
42,ascending,2500,32,18,3.306302547454834
42,ascending,2500,32,19,2.1022887229919434
42,ascending,2500,32,20,1.704919695854187
42,ascending,2500,32,21,2.283576011657715
42,ascending,2500,32,22,1.9434090852737427
42,ascending,2500,32,23,2.5408782958984375
42,ascending,2500,32,24,1.8622877597808838
42,ascending,2500,32,25,2.895859956741333
42,ascending,2500,32,26,1.6368879079818726
42,ascending,2500,32,27,2.928851366043091
42,ascending,2500,32,28,2.12361478805542
42,ascending,2500,32,29,2.066293716430664
42,ascending,2500,32,30,3.1341183185577393
42,ascending,2500,32,31,4.123315811157227
42,ascending,2500,64,0,2.3802387714385986
42,ascending,2500,64,1,2.737330436706543
42,ascending,2500,64,2,1.551119089126587
42,ascending,2500,64,3,1.5918344259262085
42,ascending,2500,64,4,1.901049256324768
42,ascending,2500,64,5,2.046656847000122
42,ascending,2500,64,6,2.1002066135406494
42,ascending,2500,64,7,7.150104522705078
42,ascending,2500,64,8,2.6271486282348633
42,ascending,2500,64,9,2.2992279529571533
42,ascending,2500,64,10,2.5821003913879395
42,ascending,2500,64,11,1.8705357313156128
42,ascending,2500,64,12,2.105642318725586
42,ascending,2500,64,13,1.357608675956726
42,ascending,2500,64,14,1.5619429349899292
42,ascending,2500,64,15,2.7210988998413086
42,ascending,2500,64,16,1.88368558883667
42,ascending,2500,64,17,1.6402301788330078
42,ascending,2500,64,18,2.9288690090179443
42,ascending,2500,64,19,1.9500600099563599
42,ascending,2500,64,20,1.6051101684570312
42,ascending,2500,64,21,2.19234299659729
42,ascending,2500,64,22,1.890804409980774
42,ascending,2500,64,23,2.285350799560547
42,ascending,2500,64,24,1.4797170162200928
42,ascending,2500,64,25,2.7233428955078125
42,ascending,2500,64,26,1.5143134593963623
42,ascending,2500,64,27,2.9901890754699707
42,ascending,2500,64,28,2.1753530502319336
42,ascending,2500,64,29,1.656408429145813
42,ascending,2500,64,30,3.0664403438568115
42,ascending,2500,64,31,3.8848555088043213
42,ascending,2500,128,0,2.422818899154663
42,ascending,2500,128,1,2.783144950866699
42,ascending,2500,128,2,1.5448468923568726
42,ascending,2500,128,3,1.6039626598358154
42,ascending,2500,128,4,1.8743723630905151
42,ascending,2500,128,5,2.060032606124878
42,ascending,2500,128,6,2.1187000274658203
42,ascending,2500,128,7,7.018896579742432
42,ascending,2500,128,8,2.622864007949829
42,ascending,2500,128,9,2.3040385246276855
42,ascending,2500,128,10,2.630586862564087
42,ascending,2500,128,11,1.8434529304504395
42,ascending,2500,128,12,2.072986602783203
42,ascending,2500,128,13,1.355346918106079
42,ascending,2500,128,14,1.5501883029937744
42,ascending,2500,128,15,2.6665515899658203
42,ascending,2500,128,16,1.8458833694458008
42,ascending,2500,128,17,1.631561279296875
42,ascending,2500,128,18,2.9189460277557373
42,ascending,2500,128,19,1.948789119720459
42,ascending,2500,128,20,1.611915946006775
42,ascending,2500,128,21,2.198328971862793
42,ascending,2500,128,22,1.9821938276290894
42,ascending,2500,128,23,2.2615222930908203
42,ascending,2500,128,24,1.5104362964630127
42,ascending,2500,128,25,2.7376060485839844
42,ascending,2500,128,26,1.5315921306610107
42,ascending,2500,128,27,3.0144541263580322
42,ascending,2500,128,28,2.2090814113616943
42,ascending,2500,128,29,1.6421443223953247
42,ascending,2500,128,30,3.1042895317077637
42,ascending,2500,128,31,3.9925951957702637
42,ascending,2500,256,0,2.3560853004455566
42,ascending,2500,256,1,2.7835099697113037
42,ascending,2500,256,2,1.5436515808105469
42,ascending,2500,256,3,1.5930289030075073
42,ascending,2500,256,4,1.814296007156372
42,ascending,2500,256,5,2.0472371578216553
42,ascending,2500,256,6,2.0905768871307373
42,ascending,2500,256,7,6.965124607086182
42,ascending,2500,256,8,2.588655948638916
42,ascending,2500,256,9,2.301149845123291
42,ascending,2500,256,10,2.7173285484313965
42,ascending,2500,256,11,1.784205436706543
42,ascending,2500,256,12,2.088757038116455
42,ascending,2500,256,13,1.3856267929077148
42,ascending,2500,256,14,1.538398265838623
42,ascending,2500,256,15,2.6969051361083984
42,ascending,2500,256,16,1.8453210592269897
42,ascending,2500,256,17,1.6070114374160767
42,ascending,2500,256,18,2.9381728172302246
42,ascending,2500,256,19,1.9335469007492065
42,ascending,2500,256,20,1.612234115600586
42,ascending,2500,256,21,2.1503896713256836
42,ascending,2500,256,22,2.094052314758301
42,ascending,2500,256,23,2.305474281311035
42,ascending,2500,256,24,1.5242036581039429
42,ascending,2500,256,25,2.7403085231781006
42,ascending,2500,256,26,1.5051543712615967
42,ascending,2500,256,27,3.012009620666504
42,ascending,2500,256,28,2.266191005706787
42,ascending,2500,256,29,1.670699119567871
42,ascending,2500,256,30,3.2044105529785156
42,ascending,2500,256,31,4.014065265655518
42,descending,2000,32,0,2.5666754245758057
42,descending,2000,32,1,2.835268974304199
42,descending,2000,32,2,1.7339156866073608
42,descending,2000,32,3,1.7512524127960205
42,descending,2000,32,4,2.5104734897613525
42,descending,2000,32,5,1.9967950582504272
42,descending,2000,32,6,1.8914480209350586
42,descending,2000,32,7,5.396602153778076
42,descending,2000,32,8,2.408052921295166
42,descending,2000,32,9,2.4202980995178223
42,descending,2000,32,10,2.7427918910980225
42,descending,2000,32,11,1.9020498991012573
42,descending,2000,32,12,2.367687225341797
42,descending,2000,32,13,1.5308173894882202
42,descending,2000,32,14,1.919996738433838
42,descending,2000,32,15,2.653273344039917
42,descending,2000,32,16,1.8763000965118408
42,descending,2000,32,17,1.4951263666152954
42,descending,2000,32,18,2.916499376296997
42,descending,2000,32,19,1.9694331884384155
42,descending,2000,32,20,1.6637831926345825
42,descending,2000,32,21,1.9060513973236084
42,descending,2000,32,22,1.8698018789291382
42,descending,2000,32,23,2.221531629562378
42,descending,2000,32,24,1.5169955492019653
42,descending,2000,32,25,3.0647475719451904
42,descending,2000,32,26,1.5402284860610962
42,descending,2000,32,27,3.4107372760772705
42,descending,2000,32,28,2.1707191467285156
42,descending,2000,32,29,2.0812489986419678
42,descending,2000,32,30,3.247586965560913
42,descending,2000,32,31,3.640028715133667
42,descending,2000,64,0,2.3007867336273193
42,descending,2000,64,1,2.81709623336792
42,descending,2000,64,2,1.4650424718856812
42,descending,2000,64,3,1.7656230926513672
42,descending,2000,64,4,2.102966785430908
42,descending,2000,64,5,1.8951318264007568
42,descending,2000,64,6,1.8810900449752808
42,descending,2000,64,7,5.781619071960449
42,descending,2000,64,8,2.2818524837493896
42,descending,2000,64,9,2.226600170135498
42,descending,2000,64,10,2.6477982997894287
42,descending,2000,64,11,1.7268425226211548
42,descending,2000,64,12,2.244328737258911
42,descending,2000,64,13,1.3237005472183228
42,descending,2000,64,14,1.7380073070526123
42,descending,2000,64,15,2.5554709434509277
42,descending,2000,64,16,1.7547738552093506
42,descending,2000,64,17,1.452868103981018
42,descending,2000,64,18,2.680608034133911
42,descending,2000,64,19,1.9556127786636353
42,descending,2000,64,20,1.6884406805038452
42,descending,2000,64,21,1.8298273086547852
42,descending,2000,64,22,1.7621500492095947
42,descending,2000,64,23,2.1718697547912598
42,descending,2000,64,24,1.3617409467697144
42,descending,2000,64,25,2.847538471221924
42,descending,2000,64,26,1.3497562408447266
42,descending,2000,64,27,3.236720085144043
42,descending,2000,64,28,2.163102388381958
42,descending,2000,64,29,1.7019929885864258
42,descending,2000,64,30,3.1883997917175293
42,descending,2000,64,31,3.3075809478759766
42,descending,2000,128,0,2.2980854511260986
42,descending,2000,128,1,2.7202045917510986
42,descending,2000,128,2,1.5007582902908325
42,descending,2000,128,3,1.724023699760437
42,descending,2000,128,4,2.0758707523345947
42,descending,2000,128,5,1.956849217414856
42,descending,2000,128,6,1.9978528022766113
42,descending,2000,128,7,5.767874717712402
42,descending,2000,128,8,2.337073802947998
42,descending,2000,128,9,2.208817481994629
42,descending,2000,128,10,2.6248791217803955
42,descending,2000,128,11,1.780676245689392
42,descending,2000,128,12,2.279465675354004
42,descending,2000,128,13,1.2878599166870117
42,descending,2000,128,14,1.7438145875930786
42,descending,2000,128,15,2.512000560760498
42,descending,2000,128,16,1.7174957990646362
42,descending,2000,128,17,1.5460699796676636
42,descending,2000,128,18,2.828932523727417
42,descending,2000,128,19,1.970995306968689
42,descending,2000,128,20,1.654684066772461
42,descending,2000,128,21,1.8693870306015015
42,descending,2000,128,22,1.587031602859497
42,descending,2000,128,23,2.18226957321167
42,descending,2000,128,24,1.348059892654419
42,descending,2000,128,25,2.9066226482391357
42,descending,2000,128,26,1.3092864751815796
42,descending,2000,128,27,3.169541120529175
42,descending,2000,128,28,2.0883045196533203
42,descending,2000,128,29,1.7189781665802002
42,descending,2000,128,30,3.300320625305176
42,descending,2000,128,31,3.2951135635375977
42,descending,2000,256,0,3.9128918647766113
42,descending,2000,256,1,3.015273332595825
42,descending,2000,256,2,2.037438154220581
42,descending,2000,256,3,2.5079336166381836
42,descending,2000,256,4,2.62963604927063
42,descending,2000,256,5,2.1579935550689697
42,descending,2000,256,6,2.571467638015747
42,descending,2000,256,7,5.949397087097168
42,descending,2000,256,8,3.0767250061035156
42,descending,2000,256,9,3.4653873443603516
42,descending,2000,256,10,3.1398143768310547
42,descending,2000,256,11,2.639352560043335
42,descending,2000,256,12,2.9586181640625
42,descending,2000,256,13,2.3436279296875
42,descending,2000,256,14,2.280463695526123
42,descending,2000,256,15,2.3550522327423096
42,descending,2000,256,16,3.095008611679077
42,descending,2000,256,17,2.2763612270355225
42,descending,2000,256,18,3.1193246841430664
42,descending,2000,256,19,2.8005895614624023
42,descending,2000,256,20,2.3846256732940674
42,descending,2000,256,21,2.620439052581787
42,descending,2000,256,22,2.1337296962738037
42,descending,2000,256,23,2.3827648162841797
42,descending,2000,256,24,1.6144155263900757
42,descending,2000,256,25,3.6536269187927246
42,descending,2000,256,26,1.8791885375976562
42,descending,2000,256,27,3.6180875301361084
42,descending,2000,256,28,2.601369619369507
42,descending,2000,256,29,2.152343273162842
42,descending,2000,256,30,3.9733357429504395
42,descending,2000,256,31,3.8361940383911133
42,descending,2500,32,0,2.4625399112701416
42,descending,2500,32,1,2.6771798133850098
42,descending,2500,32,2,1.766345739364624
42,descending,2500,32,3,1.5398648977279663
42,descending,2500,32,4,2.501652956008911
42,descending,2500,32,5,2.0025527477264404
42,descending,2500,32,6,2.089216470718384
42,descending,2500,32,7,5.602034091949463
42,descending,2500,32,8,2.4109246730804443
42,descending,2500,32,9,2.1703619956970215
42,descending,2500,32,10,2.723017454147339
42,descending,2500,32,11,1.9116871356964111
42,descending,2500,32,12,2.339707374572754
42,descending,2500,32,13,1.5359820127487183
42,descending,2500,32,14,1.9504345655441284
42,descending,2500,32,15,2.817739725112915
42,descending,2500,32,16,1.797031283378601
42,descending,2500,32,17,1.3969405889511108
42,descending,2500,32,18,3.1565847396850586
42,descending,2500,32,19,1.9021588563919067
42,descending,2500,32,20,1.6448746919631958
42,descending,2500,32,21,1.8517316579818726
42,descending,2500,32,22,1.8252536058425903
42,descending,2500,32,23,2.3153672218322754
42,descending,2500,32,24,1.6581993103027344
42,descending,2500,32,25,3.446051836013794
42,descending,2500,32,26,1.5807558298110962
42,descending,2500,32,27,3.4747374057769775
42,descending,2500,32,28,2.176675796508789
42,descending,2500,32,29,2.009505033493042
42,descending,2500,32,30,3.5747005939483643
42,descending,2500,32,31,3.959392786026001
42,descending,2500,64,0,2.190093755722046
42,descending,2500,64,1,2.6966910362243652
42,descending,2500,64,2,1.4436867237091064
42,descending,2500,64,3,1.561834692955017
42,descending,2500,64,4,2.174732208251953
42,descending,2500,64,5,1.8441778421401978
42,descending,2500,64,6,2.0604915618896484
42,descending,2500,64,7,6.2617878913879395
42,descending,2500,64,8,2.358808755874634
42,descending,2500,64,9,2.003268003463745
42,descending,2500,64,10,2.6613898277282715
42,descending,2500,64,11,1.6875797510147095
42,descending,2500,64,12,2.137948751449585
42,descending,2500,64,13,1.443629264831543
42,descending,2500,64,14,1.6847422122955322
42,descending,2500,64,15,2.682893991470337
42,descending,2500,64,16,1.537647008895874
42,descending,2500,64,17,1.3966541290283203
42,descending,2500,64,18,2.7594707012176514
42,descending,2500,64,19,1.9764236211776733
42,descending,2500,64,20,1.6238839626312256
42,descending,2500,64,21,1.7857930660247803
42,descending,2500,64,22,1.7494996786117554
42,descending,2500,64,23,2.2877655029296875
42,descending,2500,64,24,1.5041319131851196
42,descending,2500,64,25,3.2168989181518555
42,descending,2500,64,26,1.357357382774353
42,descending,2500,64,27,3.4024407863616943
42,descending,2500,64,28,2.286334991455078
42,descending,2500,64,29,1.682365894317627
42,descending,2500,64,30,3.4999804496765137
42,descending,2500,64,31,3.9067540168762207
42,descending,2500,128,0,2.1471107006073
42,descending,2500,128,1,2.691812753677368
42,descending,2500,128,2,1.4790637493133545
42,descending,2500,128,3,1.5122599601745605
42,descending,2500,128,4,2.1428232192993164
42,descending,2500,128,5,1.884432077407837
42,descending,2500,128,6,2.0270726680755615
42,descending,2500,128,7,6.071971416473389
42,descending,2500,128,8,2.3662474155426025
42,descending,2500,128,9,1.993959665298462
42,descending,2500,128,10,2.6733226776123047
42,descending,2500,128,11,1.659726858139038
42,descending,2500,128,12,2.148501396179199
42,descending,2500,128,13,1.434622049331665
42,descending,2500,128,14,1.7074449062347412
42,descending,2500,128,15,2.6653451919555664
42,descending,2500,128,16,1.5260440111160278
42,descending,2500,128,17,1.4512659311294556
42,descending,2500,128,18,2.777517795562744
42,descending,2500,128,19,1.9798922538757324
42,descending,2500,128,20,1.6243327856063843
42,descending,2500,128,21,1.7933026552200317
42,descending,2500,128,22,1.7246840000152588
42,descending,2500,128,23,2.30202579498291
42,descending,2500,128,24,1.4848318099975586
42,descending,2500,128,25,3.2241904735565186
42,descending,2500,128,26,1.342867136001587
42,descending,2500,128,27,3.4241058826446533
42,descending,2500,128,28,2.2988181114196777
42,descending,2500,128,29,1.6782855987548828
42,descending,2500,128,30,3.487229347229004
42,descending,2500,128,31,3.958761692047119
42,descending,2500,256,0,2.1626551151275635
42,descending,2500,256,1,2.6935055255889893
42,descending,2500,256,2,1.5346004962921143
42,descending,2500,256,3,1.5244108438491821
42,descending,2500,256,4,2.1426143646240234
42,descending,2500,256,5,1.8803508281707764
42,descending,2500,256,6,2.0328149795532227
42,descending,2500,256,7,6.101113319396973
42,descending,2500,256,8,2.3506059646606445
42,descending,2500,256,9,2.0364396572113037
42,descending,2500,256,10,2.7069571018218994
42,descending,2500,256,11,1.6784335374832153
42,descending,2500,256,12,2.0852174758911133
42,descending,2500,256,13,1.3821437358856201
42,descending,2500,256,14,1.656553030014038
42,descending,2500,256,15,2.594163656234741
42,descending,2500,256,16,1.5513744354248047
42,descending,2500,256,17,1.4637236595153809
42,descending,2500,256,18,2.8515563011169434
42,descending,2500,256,19,2.014772891998291
42,descending,2500,256,20,1.6144343614578247
42,descending,2500,256,21,1.780643343925476
42,descending,2500,256,22,1.7546188831329346
42,descending,2500,256,23,2.2785634994506836
42,descending,2500,256,24,1.4886187314987183
42,descending,2500,256,25,3.232038974761963
42,descending,2500,256,26,1.362709641456604
42,descending,2500,256,27,3.4045424461364746
42,descending,2500,256,28,2.252885103225708
42,descending,2500,256,29,1.661500334739685
42,descending,2500,256,30,3.4905707836151123
42,descending,2500,256,31,3.8299098014831543
42,nonmonotonic,2000,32,0,2.5920493602752686
42,nonmonotonic,2000,32,1,2.561589241027832
42,nonmonotonic,2000,32,2,1.6952608823776245
42,nonmonotonic,2000,32,3,1.5353482961654663
42,nonmonotonic,2000,32,4,2.458852767944336
42,nonmonotonic,2000,32,5,2.0355122089385986
42,nonmonotonic,2000,32,6,2.1648330688476562
42,nonmonotonic,2000,32,7,5.6396074295043945
42,nonmonotonic,2000,32,8,2.5815539360046387
42,nonmonotonic,2000,32,9,2.60868239402771
42,nonmonotonic,2000,32,10,3.010603189468384
42,nonmonotonic,2000,32,11,1.6526987552642822
42,nonmonotonic,2000,32,12,2.359199285507202
42,nonmonotonic,2000,32,13,1.7079025506973267
42,nonmonotonic,2000,32,14,1.8838026523590088
42,nonmonotonic,2000,32,15,2.7635293006896973
42,nonmonotonic,2000,32,16,2.0816829204559326
42,nonmonotonic,2000,32,17,1.5081846714019775
42,nonmonotonic,2000,32,18,2.649415969848633
42,nonmonotonic,2000,32,19,2.233562707901001
42,nonmonotonic,2000,32,20,1.736078143119812
42,nonmonotonic,2000,32,21,2.0107462406158447
42,nonmonotonic,2000,32,22,1.8454252481460571
42,nonmonotonic,2000,32,23,2.2316596508026123
42,nonmonotonic,2000,32,24,1.7305223941802979
42,nonmonotonic,2000,32,25,2.5684592723846436
42,nonmonotonic,2000,32,26,1.6877665519714355
42,nonmonotonic,2000,32,27,2.9012093544006348
42,nonmonotonic,2000,32,28,1.9514498710632324
42,nonmonotonic,2000,32,29,1.908328652381897
42,nonmonotonic,2000,32,30,2.8375377655029297
42,nonmonotonic,2000,32,31,3.9033010005950928
42,nonmonotonic,2000,64,0,2.476691961288452
42,nonmonotonic,2000,64,1,2.6135387420654297
42,nonmonotonic,2000,64,2,1.4231146574020386
42,nonmonotonic,2000,64,3,1.5103574991226196
42,nonmonotonic,2000,64,4,1.9579862356185913
42,nonmonotonic,2000,64,5,1.798582911491394
42,nonmonotonic,2000,64,6,1.949973702430725
42,nonmonotonic,2000,64,7,5.866886138916016
42,nonmonotonic,2000,64,8,2.5126171112060547
42,nonmonotonic,2000,64,9,2.4077415466308594
42,nonmonotonic,2000,64,10,2.8739755153656006
42,nonmonotonic,2000,64,11,1.4855501651763916
42,nonmonotonic,2000,64,12,2.05657696723938
42,nonmonotonic,2000,64,13,1.5438590049743652
42,nonmonotonic,2000,64,14,1.679938554763794
42,nonmonotonic,2000,64,15,2.7641122341156006
42,nonmonotonic,2000,64,16,1.8219542503356934
42,nonmonotonic,2000,64,17,1.2622359991073608
42,nonmonotonic,2000,64,18,2.224557399749756
42,nonmonotonic,2000,64,19,2.1263108253479004
42,nonmonotonic,2000,64,20,1.6376116275787354
42,nonmonotonic,2000,64,21,1.9335204362869263
42,nonmonotonic,2000,64,22,1.6181527376174927
42,nonmonotonic,2000,64,23,2.026418447494507
42,nonmonotonic,2000,64,24,1.3502367734909058
42,nonmonotonic,2000,64,25,2.4556665420532227
42,nonmonotonic,2000,64,26,1.4621355533599854
42,nonmonotonic,2000,64,27,2.746040105819702
42,nonmonotonic,2000,64,28,2.0250747203826904
42,nonmonotonic,2000,64,29,1.4743499755859375
42,nonmonotonic,2000,64,30,2.7293453216552734
42,nonmonotonic,2000,64,31,3.682429790496826
42,nonmonotonic,2000,128,0,2.4264659881591797
42,nonmonotonic,2000,128,1,2.6167876720428467
42,nonmonotonic,2000,128,2,1.3925045728683472
42,nonmonotonic,2000,128,3,1.4967864751815796
42,nonmonotonic,2000,128,4,2.0432546138763428
42,nonmonotonic,2000,128,5,1.760406494140625
42,nonmonotonic,2000,128,6,1.9408881664276123
42,nonmonotonic,2000,128,7,5.830541133880615
42,nonmonotonic,2000,128,8,2.479994058609009
42,nonmonotonic,2000,128,9,2.3948352336883545
42,nonmonotonic,2000,128,10,2.9264912605285645
42,nonmonotonic,2000,128,11,1.454317569732666
42,nonmonotonic,2000,128,12,2.007153034210205
42,nonmonotonic,2000,128,13,1.5464661121368408
42,nonmonotonic,2000,128,14,1.7247658967971802
42,nonmonotonic,2000,128,15,2.7810850143432617
42,nonmonotonic,2000,128,16,1.8111308813095093
42,nonmonotonic,2000,128,17,1.2504552602767944
42,nonmonotonic,2000,128,18,2.226322889328003
42,nonmonotonic,2000,128,19,2.102245807647705
42,nonmonotonic,2000,128,20,1.6444358825683594
42,nonmonotonic,2000,128,21,1.896639108657837
42,nonmonotonic,2000,128,22,1.6318415403366089
42,nonmonotonic,2000,128,23,2.0358364582061768
42,nonmonotonic,2000,128,24,1.339194655418396
42,nonmonotonic,2000,128,25,2.453890800476074
42,nonmonotonic,2000,128,26,1.4651449918746948
42,nonmonotonic,2000,128,27,2.7507572174072266
42,nonmonotonic,2000,128,28,2.028777599334717
42,nonmonotonic,2000,128,29,1.4714000225067139
42,nonmonotonic,2000,128,30,2.7899696826934814
42,nonmonotonic,2000,128,31,3.708664894104004
42,nonmonotonic,2000,256,0,2.3552534580230713
42,nonmonotonic,2000,256,1,2.6044864654541016
42,nonmonotonic,2000,256,2,1.5305784940719604
42,nonmonotonic,2000,256,3,1.5123512744903564
42,nonmonotonic,2000,256,4,2.079993486404419
42,nonmonotonic,2000,256,5,1.7260181903839111
42,nonmonotonic,2000,256,6,1.869407057762146
42,nonmonotonic,2000,256,7,6.150731086730957
42,nonmonotonic,2000,256,8,2.4824535846710205
42,nonmonotonic,2000,256,9,2.271728992462158
42,nonmonotonic,2000,256,10,2.9796125888824463
42,nonmonotonic,2000,256,11,1.5728236436843872
42,nonmonotonic,2000,256,12,1.9923630952835083
42,nonmonotonic,2000,256,13,1.5557934045791626
42,nonmonotonic,2000,256,14,1.6641526222229004
42,nonmonotonic,2000,256,15,2.6429085731506348
42,nonmonotonic,2000,256,16,1.8699556589126587
42,nonmonotonic,2000,256,17,1.3099381923675537
42,nonmonotonic,2000,256,18,2.2285494804382324
42,nonmonotonic,2000,256,19,2.129112958908081
42,nonmonotonic,2000,256,20,1.6908334493637085
42,nonmonotonic,2000,256,21,1.8569434881210327
42,nonmonotonic,2000,256,22,1.6028721332550049
42,nonmonotonic,2000,256,23,2.1523842811584473
42,nonmonotonic,2000,256,24,1.4073177576065063
42,nonmonotonic,2000,256,25,2.581336498260498
42,nonmonotonic,2000,256,26,1.494636058807373
42,nonmonotonic,2000,256,27,2.85422682762146
42,nonmonotonic,2000,256,28,2.1816041469573975
42,nonmonotonic,2000,256,29,1.584502100944519
42,nonmonotonic,2000,256,30,2.9855294227600098
42,nonmonotonic,2000,256,31,3.6428048610687256
42,nonmonotonic,2500,32,0,2.71372652053833
42,nonmonotonic,2500,32,1,2.6466643810272217
42,nonmonotonic,2500,32,2,1.7856526374816895
42,nonmonotonic,2500,32,3,1.4938898086547852
42,nonmonotonic,2500,32,4,2.666874647140503
42,nonmonotonic,2500,32,5,2.2191758155822754
42,nonmonotonic,2500,32,6,1.9882339239120483
42,nonmonotonic,2500,32,7,5.940528869628906
42,nonmonotonic,2500,32,8,2.5058605670928955
42,nonmonotonic,2500,32,9,2.651461601257324
42,nonmonotonic,2500,32,10,2.955157518386841
42,nonmonotonic,2500,32,11,1.8694770336151123
42,nonmonotonic,2500,32,12,2.498826503753662
42,nonmonotonic,2500,32,13,1.8126678466796875
42,nonmonotonic,2500,32,14,1.8584365844726562
42,nonmonotonic,2500,32,15,3.025056838989258
42,nonmonotonic,2500,32,16,2.1191422939300537
42,nonmonotonic,2500,32,17,1.540889859199524
42,nonmonotonic,2500,32,18,2.9057724475860596
42,nonmonotonic,2500,32,19,2.2494945526123047
42,nonmonotonic,2500,32,20,1.6857651472091675
42,nonmonotonic,2500,32,21,2.0643270015716553
42,nonmonotonic,2500,32,22,1.8832354545593262
42,nonmonotonic,2500,32,23,2.2589809894561768
42,nonmonotonic,2500,32,24,1.9293973445892334
42,nonmonotonic,2500,32,25,2.5625405311584473
42,nonmonotonic,2500,32,26,1.604806900024414
42,nonmonotonic,2500,32,27,2.559952735900879
42,nonmonotonic,2500,32,28,2.2287449836730957
42,nonmonotonic,2500,32,29,1.8651783466339111
42,nonmonotonic,2500,32,30,3.1477158069610596
42,nonmonotonic,2500,32,31,3.8442022800445557
42,nonmonotonic,2500,64,0,2.5987625122070312
42,nonmonotonic,2500,64,1,2.528398036956787
42,nonmonotonic,2500,64,2,1.5609561204910278
42,nonmonotonic,2500,64,3,1.371744155883789
42,nonmonotonic,2500,64,4,2.1765553951263428
42,nonmonotonic,2500,64,5,1.940338134765625
42,nonmonotonic,2500,64,6,1.8375730514526367
42,nonmonotonic,2500,64,7,6.2041192054748535
42,nonmonotonic,2500,64,8,2.4432358741760254
42,nonmonotonic,2500,64,9,2.3810620307922363
42,nonmonotonic,2500,64,10,2.776001453399658
42,nonmonotonic,2500,64,11,1.6508352756500244
42,nonmonotonic,2500,64,12,2.1972713470458984
42,nonmonotonic,2500,64,13,1.5542021989822388
42,nonmonotonic,2500,64,14,1.5984598398208618
42,nonmonotonic,2500,64,15,3.1096181869506836
42,nonmonotonic,2500,64,16,1.8480165004730225
42,nonmonotonic,2500,64,17,1.2628939151763916
42,nonmonotonic,2500,64,18,2.4330759048461914
42,nonmonotonic,2500,64,19,2.1078734397888184
42,nonmonotonic,2500,64,20,1.5872607231140137
42,nonmonotonic,2500,64,21,1.971587896347046
42,nonmonotonic,2500,64,22,1.6705676317214966
42,nonmonotonic,2500,64,23,2.2052173614501953
42,nonmonotonic,2500,64,24,1.6104803085327148
42,nonmonotonic,2500,64,25,2.4109292030334473
42,nonmonotonic,2500,64,26,1.3649760484695435
42,nonmonotonic,2500,64,27,2.3775556087493896
42,nonmonotonic,2500,64,28,2.2641212940216064
42,nonmonotonic,2500,64,29,1.4506624937057495
42,nonmonotonic,2500,64,30,2.8922197818756104
42,nonmonotonic,2500,64,31,3.628106117248535
42,nonmonotonic,2500,128,0,2.567448854446411
42,nonmonotonic,2500,128,1,2.5798468589782715
42,nonmonotonic,2500,128,2,1.5283734798431396
42,nonmonotonic,2500,128,3,1.3594996929168701
42,nonmonotonic,2500,128,4,2.188230037689209
42,nonmonotonic,2500,128,5,1.9113171100616455
42,nonmonotonic,2500,128,6,1.8318225145339966
42,nonmonotonic,2500,128,7,6.133595943450928
42,nonmonotonic,2500,128,8,2.445652723312378
42,nonmonotonic,2500,128,9,2.3662002086639404
42,nonmonotonic,2500,128,10,2.777125358581543
42,nonmonotonic,2500,128,11,1.6235179901123047
42,nonmonotonic,2500,128,12,2.1814205646514893
42,nonmonotonic,2500,128,13,1.5356032848358154
42,nonmonotonic,2500,128,14,1.6249862909317017
42,nonmonotonic,2500,128,15,3.0638833045959473
42,nonmonotonic,2500,128,16,1.8127131462097168
42,nonmonotonic,2500,128,17,1.209760308265686
42,nonmonotonic,2500,128,18,2.420003890991211
42,nonmonotonic,2500,128,19,2.0938589572906494
42,nonmonotonic,2500,128,20,1.5818827152252197
42,nonmonotonic,2500,128,21,1.9531455039978027
42,nonmonotonic,2500,128,22,1.6600182056427002
42,nonmonotonic,2500,128,23,2.204627752304077
42,nonmonotonic,2500,128,24,1.6012810468673706
42,nonmonotonic,2500,128,25,2.4294493198394775
42,nonmonotonic,2500,128,26,1.3652170896530151
42,nonmonotonic,2500,128,27,2.3984034061431885
42,nonmonotonic,2500,128,28,2.282259941101074
42,nonmonotonic,2500,128,29,1.4236048460006714
42,nonmonotonic,2500,128,30,2.9174489974975586
42,nonmonotonic,2500,128,31,3.6601924896240234
42,nonmonotonic,2500,256,0,2.512596607208252
42,nonmonotonic,2500,256,1,2.558652877807617
42,nonmonotonic,2500,256,2,1.5918920040130615
42,nonmonotonic,2500,256,3,1.3519186973571777
42,nonmonotonic,2500,256,4,2.2266812324523926
42,nonmonotonic,2500,256,5,1.864819049835205
42,nonmonotonic,2500,256,6,1.788605809211731
42,nonmonotonic,2500,256,7,6.229846000671387
42,nonmonotonic,2500,256,8,2.4723706245422363
42,nonmonotonic,2500,256,9,2.315656900405884
42,nonmonotonic,2500,256,10,2.81117582321167
42,nonmonotonic,2500,256,11,1.6628942489624023
42,nonmonotonic,2500,256,12,2.1971869468688965
42,nonmonotonic,2500,256,13,1.5319825410842896
42,nonmonotonic,2500,256,14,1.613808512687683
42,nonmonotonic,2500,256,15,3.0172030925750732
42,nonmonotonic,2500,256,16,1.7953375577926636
42,nonmonotonic,2500,256,17,1.242523431777954
42,nonmonotonic,2500,256,18,2.3469676971435547
42,nonmonotonic,2500,256,19,2.033464193344116
42,nonmonotonic,2500,256,20,1.5248160362243652
42,nonmonotonic,2500,256,21,1.893620491027832
42,nonmonotonic,2500,256,22,1.6618543863296509
42,nonmonotonic,2500,256,23,2.2010858058929443
42,nonmonotonic,2500,256,24,1.6289103031158447
42,nonmonotonic,2500,256,25,2.4838201999664307
42,nonmonotonic,2500,256,26,1.35861337184906
42,nonmonotonic,2500,256,27,2.4146409034729004
42,nonmonotonic,2500,256,28,2.241464376449585
42,nonmonotonic,2500,256,29,1.4113645553588867
42,nonmonotonic,2500,256,30,3.0733351707458496
42,nonmonotonic,2500,256,31,3.6494100093841553
43,ascending,2000,32,0,2.3615691661834717
43,ascending,2000,32,1,2.724233388900757
43,ascending,2000,32,2,1.561302900314331
43,ascending,2000,32,3,1.59349524974823
43,ascending,2000,32,4,2.3999993801116943
43,ascending,2000,32,5,2.1827762126922607
43,ascending,2000,32,6,1.9308148622512817
43,ascending,2000,32,7,5.320652484893799
43,ascending,2000,32,8,2.3557026386260986
43,ascending,2000,32,9,2.603999614715576
43,ascending,2000,32,10,2.7134995460510254
43,ascending,2000,32,11,1.8295810222625732
43,ascending,2000,32,12,2.244497299194336
43,ascending,2000,32,13,1.6157749891281128
43,ascending,2000,32,14,1.751378059387207
43,ascending,2000,32,15,2.605825424194336
43,ascending,2000,32,16,2.091207504272461
43,ascending,2000,32,17,1.6312800645828247
43,ascending,2000,32,18,3.0759124755859375
43,ascending,2000,32,19,2.1007516384124756
43,ascending,2000,32,20,1.725866675376892
43,ascending,2000,32,21,2.102165699005127
43,ascending,2000,32,22,1.7922390699386597
43,ascending,2000,32,23,2.2018418312072754
43,ascending,2000,32,24,1.5857182741165161
43,ascending,2000,32,25,3.1398608684539795
43,ascending,2000,32,26,1.5806591510772705
43,ascending,2000,32,27,3.1341559886932373
43,ascending,2000,32,28,1.8479403257369995
43,ascending,2000,32,29,2.185837745666504
43,ascending,2000,32,30,2.6665873527526855
43,ascending,2000,32,31,3.7106990814208984
43,ascending,2000,64,0,2.228076219558716
43,ascending,2000,64,1,2.64418363571167
43,ascending,2000,64,2,1.368427038192749
43,ascending,2000,64,3,1.5374454259872437
43,ascending,2000,64,4,1.627144694328308
43,ascending,2000,64,5,1.8732165098190308
43,ascending,2000,64,6,1.9042761325836182
43,ascending,2000,64,7,5.638092994689941
43,ascending,2000,64,8,2.296300172805786
43,ascending,2000,64,9,2.54477858543396
43,ascending,2000,64,10,2.616140365600586
43,ascending,2000,64,11,1.7489476203918457
43,ascending,2000,64,12,1.9324383735656738
43,ascending,2000,64,13,1.2337559461593628
43,ascending,2000,64,14,1.4821017980575562
43,ascending,2000,64,15,2.5149333477020264
43,ascending,2000,64,16,1.921504020690918
43,ascending,2000,64,17,1.6186918020248413
43,ascending,2000,64,18,2.710034132003784
43,ascending,2000,64,19,2.2551450729370117
43,ascending,2000,64,20,1.6602305173873901
43,ascending,2000,64,21,1.9899595975875854
43,ascending,2000,64,22,1.6691358089447021
43,ascending,2000,64,23,2.0721466541290283
43,ascending,2000,64,24,1.3635209798812866
43,ascending,2000,64,25,2.7752225399017334
43,ascending,2000,64,26,1.360315203666687
43,ascending,2000,64,27,3.170968532562256
43,ascending,2000,64,28,1.9075626134872437
43,ascending,2000,64,29,1.6399831771850586
43,ascending,2000,64,30,2.625964641571045
43,ascending,2000,64,31,3.5269083976745605
43,ascending,2000,128,0,2.1932246685028076
43,ascending,2000,128,1,2.668199300765991
43,ascending,2000,128,2,1.376191258430481
43,ascending,2000,128,3,1.5430679321289062
43,ascending,2000,128,4,1.597921371459961
43,ascending,2000,128,5,1.8562612533569336
43,ascending,2000,128,6,1.8914672136306763
43,ascending,2000,128,7,5.6388139724731445
43,ascending,2000,128,8,2.286898136138916
43,ascending,2000,128,9,2.5272576808929443
43,ascending,2000,128,10,2.673825263977051
43,ascending,2000,128,11,1.7184970378875732
43,ascending,2000,128,12,1.9266386032104492
43,ascending,2000,128,13,1.2487664222717285
43,ascending,2000,128,14,1.5079706907272339
43,ascending,2000,128,15,2.549384117126465
43,ascending,2000,128,16,1.9189486503601074
43,ascending,2000,128,17,1.596796989440918
43,ascending,2000,128,18,2.7337148189544678
43,ascending,2000,128,19,2.244896173477173
43,ascending,2000,128,20,1.6621755361557007
43,ascending,2000,128,21,1.9583452939987183
43,ascending,2000,128,22,1.673129916191101
43,ascending,2000,128,23,2.066068410873413
43,ascending,2000,128,24,1.3881880044937134
43,ascending,2000,128,25,2.774709701538086
43,ascending,2000,128,26,1.363155722618103
43,ascending,2000,128,27,3.150653600692749
43,ascending,2000,128,28,1.8897281885147095
43,ascending,2000,128,29,1.6344326734542847
43,ascending,2000,128,30,2.6049387454986572
43,ascending,2000,128,31,3.563833475112915
43,ascending,2000,256,0,2.185553550720215
43,ascending,2000,256,1,2.642665147781372
43,ascending,2000,256,2,1.3717632293701172
43,ascending,2000,256,3,1.554172158241272
43,ascending,2000,256,4,1.5633615255355835
43,ascending,2000,256,5,1.8632550239562988
43,ascending,2000,256,6,1.8647751808166504
43,ascending,2000,256,7,5.74883508682251
43,ascending,2000,256,8,2.301844835281372
43,ascending,2000,256,9,2.521663188934326
43,ascending,2000,256,10,2.674598217010498
43,ascending,2000,256,11,1.597524881362915
43,ascending,2000,256,12,1.8749465942382812
43,ascending,2000,256,13,1.2590116262435913
43,ascending,2000,256,14,1.497591257095337
43,ascending,2000,256,15,2.5195417404174805
43,ascending,2000,256,16,1.892149806022644
43,ascending,2000,256,17,1.5992051362991333
43,ascending,2000,256,18,2.735064744949341
43,ascending,2000,256,19,2.22322940826416
43,ascending,2000,256,20,1.654090404510498
43,ascending,2000,256,21,1.9380147457122803
43,ascending,2000,256,22,1.695133924484253
43,ascending,2000,256,23,2.0713858604431152
43,ascending,2000,256,24,1.3936940431594849
43,ascending,2000,256,25,2.748980760574341
43,ascending,2000,256,26,1.3575496673583984
43,ascending,2000,256,27,3.131532907485962
43,ascending,2000,256,28,1.8688411712646484
43,ascending,2000,256,29,1.6246696710586548
43,ascending,2000,256,30,2.727614164352417
43,ascending,2000,256,31,3.5747973918914795
43,ascending,2500,32,0,2.5256197452545166
43,ascending,2500,32,1,2.5358376502990723
43,ascending,2500,32,2,1.7484300136566162
43,ascending,2500,32,3,1.8138744831085205
43,ascending,2500,32,4,2.432218551635742
43,ascending,2500,32,5,2.1198439598083496
43,ascending,2500,32,6,1.9828447103500366
43,ascending,2500,32,7,5.830687046051025
43,ascending,2500,32,8,2.3765814304351807
43,ascending,2500,32,9,2.6894690990448
43,ascending,2500,32,10,2.5757243633270264
43,ascending,2500,32,11,1.9054679870605469
43,ascending,2500,32,12,2.316779613494873
43,ascending,2500,32,13,1.6275303363800049
43,ascending,2500,32,14,1.7098294496536255
43,ascending,2500,32,15,2.6886346340179443
43,ascending,2500,32,16,1.866481900215149
43,ascending,2500,32,17,1.5978130102157593
43,ascending,2500,32,18,3.310274600982666
43,ascending,2500,32,19,2.116846799850464
43,ascending,2500,32,20,1.8870534896850586
43,ascending,2500,32,21,2.0266683101654053
43,ascending,2500,32,22,1.9616265296936035
43,ascending,2500,32,23,2.221135377883911
43,ascending,2500,32,24,1.5812209844589233
43,ascending,2500,32,25,3.3411128520965576
43,ascending,2500,32,26,1.4849141836166382
43,ascending,2500,32,27,3.152493476867676
43,ascending,2500,32,28,1.7916749715805054
43,ascending,2500,32,29,2.10194730758667
43,ascending,2500,32,30,2.7730553150177
43,ascending,2500,32,31,3.7824950218200684
43,ascending,2500,64,0,2.368663787841797
43,ascending,2500,64,1,2.4948205947875977
43,ascending,2500,64,2,1.5249899625778198
43,ascending,2500,64,3,1.7549971342086792
43,ascending,2500,64,4,1.7328916788101196
43,ascending,2500,64,5,1.9085475206375122
43,ascending,2500,64,6,1.8658392429351807
43,ascending,2500,64,7,6.154568195343018
43,ascending,2500,64,8,2.3916494846343994
43,ascending,2500,64,9,2.4945085048675537
43,ascending,2500,64,10,2.504228353500366
43,ascending,2500,64,11,1.9188148975372314
43,ascending,2500,64,12,2.055211305618286
43,ascending,2500,64,13,1.285170078277588
43,ascending,2500,64,14,1.4557735919952393
43,ascending,2500,64,15,2.5983803272247314
43,ascending,2500,64,16,1.6892149448394775
43,ascending,2500,64,17,1.7794948816299438
43,ascending,2500,64,18,2.879530668258667
43,ascending,2500,64,19,2.215503454208374
43,ascending,2500,64,20,1.8383054733276367
43,ascending,2500,64,21,1.9662952423095703
43,ascending,2500,64,22,1.8896896839141846
43,ascending,2500,64,23,1.9240238666534424
43,ascending,2500,64,24,1.3576085567474365
43,ascending,2500,64,25,3.0937790870666504
43,ascending,2500,64,26,1.3210783004760742
43,ascending,2500,64,27,3.238858461380005
43,ascending,2500,64,28,1.857031226158142
43,ascending,2500,64,29,1.6323750019073486
43,ascending,2500,64,30,2.788763999938965
43,ascending,2500,64,31,3.5791866779327393
43,ascending,2500,128,0,2.3853092193603516
43,ascending,2500,128,1,2.5101444721221924
43,ascending,2500,128,2,1.515154480934143
43,ascending,2500,128,3,1.7723276615142822
43,ascending,2500,128,4,1.670275330543518
43,ascending,2500,128,5,1.9260764122009277
43,ascending,2500,128,6,1.8707847595214844
43,ascending,2500,128,7,6.110052585601807
43,ascending,2500,128,8,2.3817923069000244
43,ascending,2500,128,9,2.4939558506011963
43,ascending,2500,128,10,2.517777442932129
43,ascending,2500,128,11,1.885317325592041
43,ascending,2500,128,12,2.023610830307007
43,ascending,2500,128,13,1.2760000228881836
43,ascending,2500,128,14,1.498823642730713
43,ascending,2500,128,15,2.6234476566314697
43,ascending,2500,128,16,1.697940707206726
43,ascending,2500,128,17,1.7327654361724854
43,ascending,2500,128,18,2.9189066886901855
43,ascending,2500,128,19,2.2083983421325684
43,ascending,2500,128,20,1.8498568534851074
43,ascending,2500,128,21,1.9435747861862183
43,ascending,2500,128,22,1.8903992176055908
43,ascending,2500,128,23,1.9304901361465454
43,ascending,2500,128,24,1.378625512123108
43,ascending,2500,128,25,3.1317882537841797
43,ascending,2500,128,26,1.3289175033569336
43,ascending,2500,128,27,3.2692370414733887
43,ascending,2500,128,28,1.8463751077651978
43,ascending,2500,128,29,1.650100588798523
43,ascending,2500,128,30,2.805453062057495
43,ascending,2500,128,31,3.5582003593444824
43,ascending,2500,256,0,2.442230224609375
43,ascending,2500,256,1,2.5170373916625977
43,ascending,2500,256,2,1.5404332876205444
43,ascending,2500,256,3,1.7879748344421387
43,ascending,2500,256,4,1.6274608373641968
43,ascending,2500,256,5,1.8921446800231934
43,ascending,2500,256,6,1.8547388315200806
43,ascending,2500,256,7,6.158761501312256
43,ascending,2500,256,8,2.3596158027648926
43,ascending,2500,256,9,2.4929351806640625
43,ascending,2500,256,10,2.515970230102539
43,ascending,2500,256,11,1.8343331813812256
43,ascending,2500,256,12,1.950821876525879
43,ascending,2500,256,13,1.2894959449768066
43,ascending,2500,256,14,1.4941508769989014
43,ascending,2500,256,15,2.6603522300720215
43,ascending,2500,256,16,1.6712545156478882
43,ascending,2500,256,17,1.694994568824768
43,ascending,2500,256,18,2.8106303215026855
43,ascending,2500,256,19,2.1870036125183105
43,ascending,2500,256,20,1.8181241750717163
43,ascending,2500,256,21,1.9582401514053345
43,ascending,2500,256,22,1.9145067930221558
43,ascending,2500,256,23,1.9561002254486084
43,ascending,2500,256,24,1.387919545173645
43,ascending,2500,256,25,3.051513671875
43,ascending,2500,256,26,1.3300374746322632
43,ascending,2500,256,27,3.2800087928771973
43,ascending,2500,256,28,1.799971103668213
43,ascending,2500,256,29,1.6199510097503662
43,ascending,2500,256,30,2.879680633544922
43,ascending,2500,256,31,3.5834856033325195
43,descending,2000,32,0,2.681730031967163
43,descending,2000,32,1,2.6483235359191895
43,descending,2000,32,2,1.7339684963226318
43,descending,2000,32,3,1.659005880355835
43,descending,2000,32,4,2.437189817428589
43,descending,2000,32,5,1.982911467552185
43,descending,2000,32,6,1.9492429494857788
43,descending,2000,32,7,5.875137805938721
43,descending,2000,32,8,2.424574613571167
43,descending,2000,32,9,2.5622212886810303
43,descending,2000,32,10,2.5480458736419678
43,descending,2000,32,11,1.9739326238632202
43,descending,2000,32,12,2.454315662384033
43,descending,2000,32,13,1.529664397239685
43,descending,2000,32,14,1.7921452522277832
43,descending,2000,32,15,2.374896287918091
43,descending,2000,32,16,1.9340057373046875
43,descending,2000,32,17,1.557246446609497
43,descending,2000,32,18,2.8011441230773926
43,descending,2000,32,19,2.2273049354553223
43,descending,2000,32,20,1.6619412899017334
43,descending,2000,32,21,1.9195187091827393
43,descending,2000,32,22,1.8581258058547974
43,descending,2000,32,23,2.1210262775421143
43,descending,2000,32,24,1.6101974248886108
43,descending,2000,32,25,2.9334213733673096
43,descending,2000,32,26,1.5532779693603516
43,descending,2000,32,27,2.7031853199005127
43,descending,2000,32,28,1.8755820989608765
43,descending,2000,32,29,2.070181369781494
43,descending,2000,32,30,3.01190185546875
43,descending,2000,32,31,3.6255388259887695
43,descending,2000,64,0,2.629315137863159
43,descending,2000,64,1,2.5238535404205322
43,descending,2000,64,2,1.383859395980835
43,descending,2000,64,3,1.5826826095581055
43,descending,2000,64,4,2.0183281898498535
43,descending,2000,64,5,1.8841801881790161
43,descending,2000,64,6,1.954204797744751
43,descending,2000,64,7,6.329953670501709
43,descending,2000,64,8,2.3367021083831787
43,descending,2000,64,9,2.3697261810302734
43,descending,2000,64,10,2.487809896469116
43,descending,2000,64,11,1.6275975704193115
43,descending,2000,64,12,2.3006882667541504
43,descending,2000,64,13,1.2509536743164062
43,descending,2000,64,14,1.5875704288482666
43,descending,2000,64,15,2.399254560470581
43,descending,2000,64,16,1.7732826471328735
43,descending,2000,64,17,1.4487292766571045
43,descending,2000,64,18,2.3747103214263916
43,descending,2000,64,19,2.103015184402466
43,descending,2000,64,20,1.6937893629074097
43,descending,2000,64,21,1.7666276693344116
43,descending,2000,64,22,1.7744258642196655
43,descending,2000,64,23,1.9049850702285767
43,descending,2000,64,24,1.4605600833892822
43,descending,2000,64,25,2.5446841716766357
43,descending,2000,64,26,1.3584387302398682
43,descending,2000,64,27,2.6510233879089355
43,descending,2000,64,28,2.0350730419158936
43,descending,2000,64,29,1.6807276010513306
43,descending,2000,64,30,2.9816982746124268
43,descending,2000,64,31,3.6308367252349854
43,descending,2000,128,0,2.5505194664001465
43,descending,2000,128,1,2.491203784942627
43,descending,2000,128,2,1.3837368488311768
43,descending,2000,128,3,1.5778764486312866
43,descending,2000,128,4,2.0034542083740234
43,descending,2000,128,5,1.9222304821014404
43,descending,2000,128,6,2.031585931777954
43,descending,2000,128,7,6.280379295349121
43,descending,2000,128,8,2.42893123626709
43,descending,2000,128,9,2.4782676696777344
43,descending,2000,128,10,2.540961980819702
43,descending,2000,128,11,1.6546046733856201
43,descending,2000,128,12,2.385491132736206
43,descending,2000,128,13,1.2842215299606323
43,descending,2000,128,14,1.6566838026046753
43,descending,2000,128,15,2.4224021434783936
43,descending,2000,128,16,1.898030400276184
43,descending,2000,128,17,1.4585169553756714
43,descending,2000,128,18,2.429537534713745
43,descending,2000,128,19,2.188730239868164
43,descending,2000,128,20,1.7192864418029785
43,descending,2000,128,21,1.7814528942108154
43,descending,2000,128,22,1.7382389307022095
43,descending,2000,128,23,1.859821081161499
43,descending,2000,128,24,1.4496077299118042
43,descending,2000,128,25,2.573699474334717
43,descending,2000,128,26,1.3743665218353271
43,descending,2000,128,27,2.7185404300689697
43,descending,2000,128,28,2.0690412521362305
43,descending,2000,128,29,1.6956019401550293
43,descending,2000,128,30,3.048095941543579
43,descending,2000,128,31,3.4994170665740967
43,descending,2000,256,0,3.879181385040283
43,descending,2000,256,1,2.679680347442627
43,descending,2000,256,2,2.2558388710021973
43,descending,2000,256,3,2.2930893898010254
43,descending,2000,256,4,2.946181058883667
43,descending,2000,256,5,2.355492353439331
43,descending,2000,256,6,2.7464468479156494
43,descending,2000,256,7,5.815961837768555
43,descending,2000,256,8,3.405207395553589
43,descending,2000,256,9,2.96120548248291
43,descending,2000,256,10,3.723501443862915
43,descending,2000,256,11,2.473257064819336
43,descending,2000,256,12,2.9587743282318115
43,descending,2000,256,13,2.229377269744873
43,descending,2000,256,14,2.253053665161133
43,descending,2000,256,15,2.8723692893981934
43,descending,2000,256,16,2.2650465965270996
43,descending,2000,256,17,2.118244171142578
43,descending,2000,256,18,3.8768913745880127
43,descending,2000,256,19,2.835218906402588
43,descending,2000,256,20,2.5692896842956543
43,descending,2000,256,21,2.3677663803100586
43,descending,2000,256,22,1.8334258794784546
43,descending,2000,256,23,3.1276113986968994
43,descending,2000,256,24,2.2548694610595703
43,descending,2000,256,25,3.1827728748321533
43,descending,2000,256,26,2.216874599456787
43,descending,2000,256,27,3.383662223815918
43,descending,2000,256,28,2.6331396102905273
43,descending,2000,256,29,2.899718999862671
43,descending,2000,256,30,3.460162878036499
43,descending,2000,256,31,3.8776466846466064
43,descending,2500,32,0,2.3578555583953857
43,descending,2500,32,1,2.7409353256225586
43,descending,2500,32,2,1.7561761140823364
43,descending,2500,32,3,1.7180163860321045
43,descending,2500,32,4,2.495990514755249
43,descending,2500,32,5,1.907239317893982
43,descending,2500,32,6,1.9107662439346313
43,descending,2500,32,7,6.541862487792969
43,descending,2500,32,8,2.309109926223755
43,descending,2500,32,9,2.6068756580352783
43,descending,2500,32,10,2.5252466201782227
43,descending,2500,32,11,1.946254014968872
43,descending,2500,32,12,2.336026668548584
43,descending,2500,32,13,1.6150935888290405
43,descending,2500,32,14,1.8384463787078857
43,descending,2500,32,15,2.3961124420166016
43,descending,2500,32,16,1.8381510972976685
43,descending,2500,32,17,1.7226649522781372
43,descending,2500,32,18,2.9435930252075195
43,descending,2500,32,19,1.9228651523590088
43,descending,2500,32,20,1.6999239921569824
43,descending,2500,32,21,2.058591604232788
43,descending,2500,32,22,1.9085147380828857
43,descending,2500,32,23,2.3628430366516113
43,descending,2500,32,24,1.6080766916275024
43,descending,2500,32,25,3.053980588912964
43,descending,2500,32,26,1.598651647567749
43,descending,2500,32,27,2.701950788497925
43,descending,2500,32,28,1.8678200244903564
43,descending,2500,32,29,2.0673558712005615
43,descending,2500,32,30,3.280137300491333
43,descending,2500,32,31,3.7062275409698486
43,descending,2500,64,0,2.312709093093872
43,descending,2500,64,1,2.6026885509490967
43,descending,2500,64,2,1.3817229270935059
43,descending,2500,64,3,1.6408579349517822
43,descending,2500,64,4,2.069798469543457
43,descending,2500,64,5,1.816733956336975
43,descending,2500,64,6,1.9072731733322144
43,descending,2500,64,7,6.983487606048584
43,descending,2500,64,8,2.2384467124938965
43,descending,2500,64,9,2.4105143547058105
43,descending,2500,64,10,2.4280896186828613
43,descending,2500,64,11,1.6134573221206665
43,descending,2500,64,12,2.098175287246704
43,descending,2500,64,13,1.4535396099090576
43,descending,2500,64,14,1.6104480028152466
43,descending,2500,64,15,2.514002799987793
43,descending,2500,64,16,1.6243937015533447
43,descending,2500,64,17,1.6076421737670898
43,descending,2500,64,18,2.3881022930145264
43,descending,2500,64,19,1.8659725189208984
43,descending,2500,64,20,1.6788780689239502
43,descending,2500,64,21,1.960690975189209
43,descending,2500,64,22,1.7972626686096191
43,descending,2500,64,23,2.255490779876709
43,descending,2500,64,24,1.4590409994125366
43,descending,2500,64,25,2.984184503555298
43,descending,2500,64,26,1.4284660816192627
43,descending,2500,64,27,2.592102289199829
43,descending,2500,64,28,2.0700905323028564
43,descending,2500,64,29,1.6045392751693726
43,descending,2500,64,30,3.1710636615753174
43,descending,2500,64,31,3.6011195182800293
43,descending,2500,128,0,2.29297137260437
43,descending,2500,128,1,2.6112313270568848
43,descending,2500,128,2,1.3288499116897583
43,descending,2500,128,3,1.6459671258926392
43,descending,2500,128,4,2.0216047763824463
43,descending,2500,128,5,1.8334118127822876
43,descending,2500,128,6,1.8769378662109375
43,descending,2500,128,7,6.920595645904541
43,descending,2500,128,8,2.239515781402588
43,descending,2500,128,9,2.402336597442627
43,descending,2500,128,10,2.43082857131958
43,descending,2500,128,11,1.6272759437561035
43,descending,2500,128,12,2.1498074531555176
43,descending,2500,128,13,1.458052396774292
43,descending,2500,128,14,1.622287631034851
43,descending,2500,128,15,2.47737717628479
43,descending,2500,128,16,1.6123069524765015
43,descending,2500,128,17,1.6219085454940796
43,descending,2500,128,18,2.4039511680603027
43,descending,2500,128,19,1.8748794794082642
43,descending,2500,128,20,1.6595473289489746
43,descending,2500,128,21,1.9666827917099
43,descending,2500,128,22,1.7543995380401611
43,descending,2500,128,23,2.2394254207611084
43,descending,2500,128,24,1.4495997428894043
43,descending,2500,128,25,3.0081334114074707
43,descending,2500,128,26,1.407918930053711
43,descending,2500,128,27,2.613581895828247
43,descending,2500,128,28,2.0078372955322266
43,descending,2500,128,29,1.6014467477798462
43,descending,2500,128,30,3.2109313011169434
43,descending,2500,128,31,3.6757242679595947
43,descending,2500,256,0,2.2931766510009766
43,descending,2500,256,1,2.57920241355896
43,descending,2500,256,2,1.3597663640975952
43,descending,2500,256,3,1.6300606727600098
43,descending,2500,256,4,2.063722848892212
43,descending,2500,256,5,1.8583937883377075
43,descending,2500,256,6,1.898333191871643
43,descending,2500,256,7,6.970560073852539
43,descending,2500,256,8,2.29827880859375
43,descending,2500,256,9,2.3297579288482666
43,descending,2500,256,10,2.4779558181762695
43,descending,2500,256,11,1.6058799028396606
43,descending,2500,256,12,2.1868810653686523
43,descending,2500,256,13,1.4916162490844727
43,descending,2500,256,14,1.6102341413497925
43,descending,2500,256,15,2.6379098892211914
43,descending,2500,256,16,1.608060359954834
43,descending,2500,256,17,1.6102876663208008
43,descending,2500,256,18,2.392887830734253
43,descending,2500,256,19,1.8523317575454712
43,descending,2500,256,20,1.637795090675354
43,descending,2500,256,21,1.9106718301773071
43,descending,2500,256,22,1.7787630558013916
43,descending,2500,256,23,2.1957101821899414
43,descending,2500,256,24,1.4500595331192017
43,descending,2500,256,25,3.0294716358184814
43,descending,2500,256,26,1.3982881307601929
43,descending,2500,256,27,2.5610203742980957
43,descending,2500,256,28,2.115278959274292
43,descending,2500,256,29,1.6166584491729736
43,descending,2500,256,30,3.218515396118164
43,descending,2500,256,31,3.6252548694610596
43,nonmonotonic,2000,32,0,2.773507833480835
43,nonmonotonic,2000,32,1,2.540994882583618
43,nonmonotonic,2000,32,2,1.6982228755950928
43,nonmonotonic,2000,32,3,1.562356948852539
43,nonmonotonic,2000,32,4,2.613464593887329
43,nonmonotonic,2000,32,5,2.0535571575164795
43,nonmonotonic,2000,32,6,2.295246124267578
43,nonmonotonic,2000,32,7,5.1559295654296875
43,nonmonotonic,2000,32,8,2.2805025577545166
43,nonmonotonic,2000,32,9,2.5377867221832275
43,nonmonotonic,2000,32,10,2.959709882736206
43,nonmonotonic,2000,32,11,1.8481768369674683
43,nonmonotonic,2000,32,12,2.302121162414551
43,nonmonotonic,2000,32,13,1.6383734941482544
43,nonmonotonic,2000,32,14,1.8918545246124268
43,nonmonotonic,2000,32,15,2.384289503097534
43,nonmonotonic,2000,32,16,1.9725399017333984
43,nonmonotonic,2000,32,17,1.47810697555542
43,nonmonotonic,2000,32,18,3.012462615966797
43,nonmonotonic,2000,32,19,2.241482973098755
43,nonmonotonic,2000,32,20,1.783196210861206
43,nonmonotonic,2000,32,21,1.9728432893753052
43,nonmonotonic,2000,32,22,1.9303991794586182
43,nonmonotonic,2000,32,23,2.4124903678894043
43,nonmonotonic,2000,32,24,1.8863095045089722
43,nonmonotonic,2000,32,25,3.0003068447113037
43,nonmonotonic,2000,32,26,1.7370470762252808
43,nonmonotonic,2000,32,27,2.930393695831299
43,nonmonotonic,2000,32,28,2.032548427581787
43,nonmonotonic,2000,32,29,2.1722748279571533
43,nonmonotonic,2000,32,30,3.0498974323272705
43,nonmonotonic,2000,32,31,4.007716178894043
43,nonmonotonic,2000,64,0,2.748523473739624
43,nonmonotonic,2000,64,1,2.3647520542144775
43,nonmonotonic,2000,64,2,1.5764999389648438
43,nonmonotonic,2000,64,3,1.5397956371307373
43,nonmonotonic,2000,64,4,2.038952112197876
43,nonmonotonic,2000,64,5,1.7998583316802979
43,nonmonotonic,2000,64,6,2.1727213859558105
43,nonmonotonic,2000,64,7,5.466232776641846
43,nonmonotonic,2000,64,8,2.113344430923462
43,nonmonotonic,2000,64,9,2.3022801876068115
43,nonmonotonic,2000,64,10,2.746802806854248
43,nonmonotonic,2000,64,11,1.7348588705062866
43,nonmonotonic,2000,64,12,2.156958818435669
43,nonmonotonic,2000,64,13,1.390556812286377
43,nonmonotonic,2000,64,14,1.690827488899231
43,nonmonotonic,2000,64,15,2.3748555183410645
43,nonmonotonic,2000,64,16,1.7401994466781616
43,nonmonotonic,2000,64,17,1.4781172275543213
43,nonmonotonic,2000,64,18,2.4485414028167725
43,nonmonotonic,2000,64,19,2.1631155014038086
43,nonmonotonic,2000,64,20,1.7766857147216797
43,nonmonotonic,2000,64,21,1.8987481594085693
43,nonmonotonic,2000,64,22,1.7515497207641602
43,nonmonotonic,2000,64,23,2.3065710067749023
43,nonmonotonic,2000,64,24,1.3583093881607056
43,nonmonotonic,2000,64,25,2.9315097332000732
43,nonmonotonic,2000,64,26,1.4383294582366943
43,nonmonotonic,2000,64,27,2.930758476257324
43,nonmonotonic,2000,64,28,2.026001453399658
43,nonmonotonic,2000,64,29,1.753145694732666
43,nonmonotonic,2000,64,30,2.847700834274292
43,nonmonotonic,2000,64,31,3.824512243270874
43,nonmonotonic,2000,128,0,2.7139368057250977
43,nonmonotonic,2000,128,1,2.3540656566619873
43,nonmonotonic,2000,128,2,1.5561219453811646
43,nonmonotonic,2000,128,3,1.5213276147842407
43,nonmonotonic,2000,128,4,1.9823325872421265
43,nonmonotonic,2000,128,5,1.8196816444396973
43,nonmonotonic,2000,128,6,2.1954591274261475
43,nonmonotonic,2000,128,7,5.47076416015625
43,nonmonotonic,2000,128,8,2.093510866165161
43,nonmonotonic,2000,128,9,2.2615702152252197
43,nonmonotonic,2000,128,10,2.7848310470581055
43,nonmonotonic,2000,128,11,1.7368266582489014
43,nonmonotonic,2000,128,12,2.1937665939331055
43,nonmonotonic,2000,128,13,1.385287880897522
43,nonmonotonic,2000,128,14,1.7030044794082642
43,nonmonotonic,2000,128,15,2.3847434520721436
43,nonmonotonic,2000,128,16,1.7077510356903076
43,nonmonotonic,2000,128,17,1.452967882156372
43,nonmonotonic,2000,128,18,2.394352674484253
43,nonmonotonic,2000,128,19,2.1041665077209473
43,nonmonotonic,2000,128,20,1.7882837057113647
43,nonmonotonic,2000,128,21,1.8567652702331543
43,nonmonotonic,2000,128,22,1.8056538105010986
43,nonmonotonic,2000,128,23,2.283015012741089
43,nonmonotonic,2000,128,24,1.3551286458969116
43,nonmonotonic,2000,128,25,2.9448671340942383
43,nonmonotonic,2000,128,26,1.401840090751648
43,nonmonotonic,2000,128,27,2.9468600749969482
43,nonmonotonic,2000,128,28,2.0531203746795654
43,nonmonotonic,2000,128,29,1.7282577753067017
43,nonmonotonic,2000,128,30,2.8270962238311768
43,nonmonotonic,2000,128,31,3.824233055114746
43,nonmonotonic,2000,256,0,2.677133798599243
43,nonmonotonic,2000,256,1,2.387596845626831
43,nonmonotonic,2000,256,2,1.4940332174301147
43,nonmonotonic,2000,256,3,1.5157625675201416
43,nonmonotonic,2000,256,4,2.1101136207580566
43,nonmonotonic,2000,256,5,1.8834972381591797
43,nonmonotonic,2000,256,6,2.3507490158081055
43,nonmonotonic,2000,256,7,5.777077674865723
43,nonmonotonic,2000,256,8,2.113384485244751
43,nonmonotonic,2000,256,9,2.267531156539917
43,nonmonotonic,2000,256,10,2.8302793502807617
43,nonmonotonic,2000,256,11,1.8064053058624268
43,nonmonotonic,2000,256,12,2.143038272857666
43,nonmonotonic,2000,256,13,1.3499006032943726
43,nonmonotonic,2000,256,14,1.6998097896575928
43,nonmonotonic,2000,256,15,2.2465860843658447
43,nonmonotonic,2000,256,16,1.706346035003662
43,nonmonotonic,2000,256,17,1.4892390966415405
43,nonmonotonic,2000,256,18,2.348238229751587
43,nonmonotonic,2000,256,19,2.0550127029418945
43,nonmonotonic,2000,256,20,1.7230573892593384
43,nonmonotonic,2000,256,21,1.8098872900009155
43,nonmonotonic,2000,256,22,1.7758522033691406
43,nonmonotonic,2000,256,23,2.3688385486602783
43,nonmonotonic,2000,256,24,1.3416495323181152
43,nonmonotonic,2000,256,25,3.0697808265686035
43,nonmonotonic,2000,256,26,1.4052249193191528
43,nonmonotonic,2000,256,27,3.0710129737854004
43,nonmonotonic,2000,256,28,2.1790168285369873
43,nonmonotonic,2000,256,29,1.7534465789794922
43,nonmonotonic,2000,256,30,2.981628179550171
43,nonmonotonic,2000,256,31,3.710209608078003
43,nonmonotonic,2500,32,0,2.756336212158203
43,nonmonotonic,2500,32,1,2.493455410003662
43,nonmonotonic,2500,32,2,1.7554237842559814
43,nonmonotonic,2500,32,3,1.485474705696106
43,nonmonotonic,2500,32,4,2.676999807357788
43,nonmonotonic,2500,32,5,2.0304391384124756
43,nonmonotonic,2500,32,6,2.2550761699676514
43,nonmonotonic,2500,32,7,5.487265110015869
43,nonmonotonic,2500,32,8,2.317300796508789
43,nonmonotonic,2500,32,9,2.575618267059326
43,nonmonotonic,2500,32,10,3.01526141166687
43,nonmonotonic,2500,32,11,1.721146583557129
43,nonmonotonic,2500,32,12,2.33052659034729
43,nonmonotonic,2500,32,13,1.7132290601730347
43,nonmonotonic,2500,32,14,1.8134384155273438
43,nonmonotonic,2500,32,15,2.3578543663024902
43,nonmonotonic,2500,32,16,1.9571954011917114
43,nonmonotonic,2500,32,17,1.5467326641082764
43,nonmonotonic,2500,32,18,3.0718584060668945
43,nonmonotonic,2500,32,19,2.1627516746520996
43,nonmonotonic,2500,32,20,1.7081525325775146
43,nonmonotonic,2500,32,21,1.9954007863998413
43,nonmonotonic,2500,32,22,2.0012593269348145
43,nonmonotonic,2500,32,23,2.25551700592041
43,nonmonotonic,2500,32,24,1.8348913192749023
43,nonmonotonic,2500,32,25,3.3990988731384277
43,nonmonotonic,2500,32,26,1.5655597448349
43,nonmonotonic,2500,32,27,3.014190673828125
43,nonmonotonic,2500,32,28,1.806237816810608
43,nonmonotonic,2500,32,29,2.1760520935058594
43,nonmonotonic,2500,32,30,3.3769497871398926
43,nonmonotonic,2500,32,31,3.833012104034424
43,nonmonotonic,2500,64,0,2.7427217960357666
43,nonmonotonic,2500,64,1,2.2754323482513428
43,nonmonotonic,2500,64,2,1.532466173171997
43,nonmonotonic,2500,64,3,1.4261854887008667
43,nonmonotonic,2500,64,4,2.0516514778137207
43,nonmonotonic,2500,64,5,1.9247852563858032
43,nonmonotonic,2500,64,6,2.1089835166931152
43,nonmonotonic,2500,64,7,6.031621932983398
43,nonmonotonic,2500,64,8,2.2634167671203613
43,nonmonotonic,2500,64,9,2.2694523334503174
43,nonmonotonic,2500,64,10,2.7825801372528076
43,nonmonotonic,2500,64,11,1.7417577505111694
43,nonmonotonic,2500,64,12,2.1823503971099854
43,nonmonotonic,2500,64,13,1.4631272554397583
43,nonmonotonic,2500,64,14,1.5990833044052124
43,nonmonotonic,2500,64,15,2.3780465126037598
43,nonmonotonic,2500,64,16,1.6536327600479126
43,nonmonotonic,2500,64,17,1.5718435049057007
43,nonmonotonic,2500,64,18,2.5011167526245117
43,nonmonotonic,2500,64,19,2.043605089187622
43,nonmonotonic,2500,64,20,1.7503151893615723
43,nonmonotonic,2500,64,21,1.9356313943862915
43,nonmonotonic,2500,64,22,1.9535263776779175
43,nonmonotonic,2500,64,23,2.051339626312256
43,nonmonotonic,2500,64,24,1.4059369564056396
43,nonmonotonic,2500,64,25,3.135420083999634
43,nonmonotonic,2500,64,26,1.386834979057312
43,nonmonotonic,2500,64,27,2.881089210510254
43,nonmonotonic,2500,64,28,1.862730622291565
43,nonmonotonic,2500,64,29,1.6922516822814941
43,nonmonotonic,2500,64,30,2.985522747039795
43,nonmonotonic,2500,64,31,3.478607654571533
43,nonmonotonic,2500,128,0,2.7663540840148926
43,nonmonotonic,2500,128,1,2.256019115447998
43,nonmonotonic,2500,128,2,1.5151838064193726
43,nonmonotonic,2500,128,3,1.4316587448120117
43,nonmonotonic,2500,128,4,2.0383546352386475
43,nonmonotonic,2500,128,5,1.9368714094161987
43,nonmonotonic,2500,128,6,2.111912965774536
43,nonmonotonic,2500,128,7,5.984649658203125
43,nonmonotonic,2500,128,8,2.2376980781555176
43,nonmonotonic,2500,128,9,2.2727341651916504
43,nonmonotonic,2500,128,10,2.8150672912597656
43,nonmonotonic,2500,128,11,1.7394249439239502
43,nonmonotonic,2500,128,12,2.2029404640197754
43,nonmonotonic,2500,128,13,1.4373589754104614
43,nonmonotonic,2500,128,14,1.6368697881698608
43,nonmonotonic,2500,128,15,2.3868086338043213
43,nonmonotonic,2500,128,16,1.6438915729522705
43,nonmonotonic,2500,128,17,1.5492115020751953
43,nonmonotonic,2500,128,18,2.518427610397339
43,nonmonotonic,2500,128,19,1.9860265254974365
43,nonmonotonic,2500,128,20,1.735487937927246
43,nonmonotonic,2500,128,21,1.857697606086731
43,nonmonotonic,2500,128,22,1.9696906805038452
43,nonmonotonic,2500,128,23,2.0270297527313232
43,nonmonotonic,2500,128,24,1.4100377559661865
43,nonmonotonic,2500,128,25,3.161064386367798
43,nonmonotonic,2500,128,26,1.3317270278930664
43,nonmonotonic,2500,128,27,2.884969711303711
43,nonmonotonic,2500,128,28,1.88558030128479
43,nonmonotonic,2500,128,29,1.692765712738037
43,nonmonotonic,2500,128,30,3.002330780029297
43,nonmonotonic,2500,128,31,3.4742517471313477
43,nonmonotonic,2500,256,0,2.7721471786499023
43,nonmonotonic,2500,256,1,2.304259777069092
43,nonmonotonic,2500,256,2,1.5104154348373413
43,nonmonotonic,2500,256,3,1.4169762134552002
43,nonmonotonic,2500,256,4,2.0866565704345703
43,nonmonotonic,2500,256,5,1.938261866569519
43,nonmonotonic,2500,256,6,2.149595260620117
43,nonmonotonic,2500,256,7,6.189723014831543
43,nonmonotonic,2500,256,8,2.231931209564209
43,nonmonotonic,2500,256,9,2.259891986846924
43,nonmonotonic,2500,256,10,2.8198909759521484
43,nonmonotonic,2500,256,11,1.7375448942184448
43,nonmonotonic,2500,256,12,2.1455752849578857
43,nonmonotonic,2500,256,13,1.4154632091522217
43,nonmonotonic,2500,256,14,1.641052484512329
43,nonmonotonic,2500,256,15,2.275297164916992
43,nonmonotonic,2500,256,16,1.6304144859313965
43,nonmonotonic,2500,256,17,1.551295518875122
43,nonmonotonic,2500,256,18,2.4884064197540283
43,nonmonotonic,2500,256,19,1.9544895887374878
43,nonmonotonic,2500,256,20,1.7253868579864502
43,nonmonotonic,2500,256,21,1.8658006191253662
43,nonmonotonic,2500,256,22,1.9653640985488892
43,nonmonotonic,2500,256,23,2.045894145965576
43,nonmonotonic,2500,256,24,1.3874340057373047
43,nonmonotonic,2500,256,25,3.1676156520843506
43,nonmonotonic,2500,256,26,1.3339003324508667
43,nonmonotonic,2500,256,27,2.859334945678711
43,nonmonotonic,2500,256,28,1.9407198429107666
43,nonmonotonic,2500,256,29,1.7169612646102905
43,nonmonotonic,2500,256,30,3.0122087001800537
43,nonmonotonic,2500,256,31,3.408783435821533
44,ascending,2000,32,0,2.806270122528076
44,ascending,2000,32,1,2.7127161026000977
44,ascending,2000,32,2,1.9024485349655151
44,ascending,2000,32,3,1.6688587665557861
44,ascending,2000,32,4,2.7536189556121826
44,ascending,2000,32,5,1.8261338472366333
44,ascending,2000,32,6,1.960092306137085
44,ascending,2000,32,7,6.280693531036377
44,ascending,2000,32,8,2.411065101623535
44,ascending,2000,32,9,2.9441757202148438
44,ascending,2000,32,10,2.9363925457000732
44,ascending,2000,32,11,1.769855260848999
44,ascending,2000,32,12,2.2721567153930664
44,ascending,2000,32,13,1.7048231363296509
44,ascending,2000,32,14,1.9056062698364258
44,ascending,2000,32,15,2.6578896045684814
44,ascending,2000,32,16,2.02195143699646
44,ascending,2000,32,17,1.4872689247131348
44,ascending,2000,32,18,3.0988566875457764
44,ascending,2000,32,19,2.218809127807617
44,ascending,2000,32,20,1.7645578384399414
44,ascending,2000,32,21,2.1389081478118896
44,ascending,2000,32,22,2.379030227661133
44,ascending,2000,32,23,2.5137696266174316
44,ascending,2000,32,24,1.6975146532058716
44,ascending,2000,32,25,2.792539119720459
44,ascending,2000,32,26,1.6706993579864502
44,ascending,2000,32,27,3.0657620429992676
44,ascending,2000,32,28,2.123304843902588
44,ascending,2000,32,29,1.9555004835128784
44,ascending,2000,32,30,3.2126593589782715
44,ascending,2000,32,31,4.433856010437012
44,ascending,2000,64,0,2.726067304611206
44,ascending,2000,64,1,2.5090813636779785
44,ascending,2000,64,2,1.5243052244186401
44,ascending,2000,64,3,1.634063959121704
44,ascending,2000,64,4,1.9208343029022217
44,ascending,2000,64,5,1.6057593822479248
44,ascending,2000,64,6,1.8249629735946655
44,ascending,2000,64,7,6.635097503662109
44,ascending,2000,64,8,2.431844711303711
44,ascending,2000,64,9,2.7110402584075928
44,ascending,2000,64,10,2.7786428928375244
44,ascending,2000,64,11,1.724378228187561
44,ascending,2000,64,12,2.115912437438965
44,ascending,2000,64,13,1.4424432516098022
44,ascending,2000,64,14,1.7182343006134033
44,ascending,2000,64,15,2.6535396575927734
44,ascending,2000,64,16,1.7734100818634033
44,ascending,2000,64,17,1.2175031900405884
44,ascending,2000,64,18,2.7447922229766846
44,ascending,2000,64,19,2.353898763656616
44,ascending,2000,64,20,1.6412252187728882
44,ascending,2000,64,21,2.0353288650512695
44,ascending,2000,64,22,2.16464900970459
44,ascending,2000,64,23,2.3087399005889893
44,ascending,2000,64,24,1.4040964841842651
44,ascending,2000,64,25,2.4800477027893066
44,ascending,2000,64,26,1.363720417022705
44,ascending,2000,64,27,3.0532665252685547
44,ascending,2000,64,28,2.3804025650024414
44,ascending,2000,64,29,1.5893954038619995
44,ascending,2000,64,30,3.1229376792907715
44,ascending,2000,64,31,4.373093128204346
44,ascending,2000,128,0,2.699662923812866
44,ascending,2000,128,1,2.5396275520324707
44,ascending,2000,128,2,1.5556827783584595
44,ascending,2000,128,3,1.6538711786270142
44,ascending,2000,128,4,1.8856751918792725
44,ascending,2000,128,5,1.6038137674331665
44,ascending,2000,128,6,1.8230952024459839
44,ascending,2000,128,7,6.6274003982543945
44,ascending,2000,128,8,2.4512298107147217
44,ascending,2000,128,9,2.6667721271514893
44,ascending,2000,128,10,2.793870449066162
44,ascending,2000,128,11,1.7116148471832275
44,ascending,2000,128,12,2.1312966346740723
44,ascending,2000,128,13,1.4469894170761108
44,ascending,2000,128,14,1.7322697639465332
44,ascending,2000,128,15,2.677065372467041
44,ascending,2000,128,16,1.7580169439315796
44,ascending,2000,128,17,1.2293168306350708
44,ascending,2000,128,18,2.77482271194458
44,ascending,2000,128,19,2.324491262435913
44,ascending,2000,128,20,1.6860709190368652
44,ascending,2000,128,21,2.021399974822998
44,ascending,2000,128,22,2.119373083114624
44,ascending,2000,128,23,2.323164701461792
44,ascending,2000,128,24,1.3960758447647095
44,ascending,2000,128,25,2.451629638671875
44,ascending,2000,128,26,1.3607810735702515
44,ascending,2000,128,27,3.074352979660034
44,ascending,2000,128,28,2.3624682426452637
44,ascending,2000,128,29,1.5805257558822632
44,ascending,2000,128,30,3.092926025390625
44,ascending,2000,128,31,4.336115837097168
44,ascending,2000,256,0,2.725820302963257
44,ascending,2000,256,1,2.5207066535949707
44,ascending,2000,256,2,1.5639780759811401
44,ascending,2000,256,3,1.6541094779968262
44,ascending,2000,256,4,1.8959883451461792
44,ascending,2000,256,5,1.613950490951538
44,ascending,2000,256,6,1.8658888339996338
44,ascending,2000,256,7,6.658657073974609
44,ascending,2000,256,8,2.483826160430908
44,ascending,2000,256,9,2.6680245399475098
44,ascending,2000,256,10,2.8049967288970947
44,ascending,2000,256,11,1.7101556062698364
44,ascending,2000,256,12,2.094158887863159
44,ascending,2000,256,13,1.410403847694397
44,ascending,2000,256,14,1.7455071210861206
44,ascending,2000,256,15,2.638735055923462
44,ascending,2000,256,16,1.7535760402679443
44,ascending,2000,256,17,1.2512327432632446
44,ascending,2000,256,18,2.7907097339630127
44,ascending,2000,256,19,2.2984554767608643
44,ascending,2000,256,20,1.6837550401687622
44,ascending,2000,256,21,1.9491368532180786
44,ascending,2000,256,22,2.117936849594116
44,ascending,2000,256,23,2.3259057998657227
44,ascending,2000,256,24,1.428633689880371
44,ascending,2000,256,25,2.4470839500427246
44,ascending,2000,256,26,1.373863935470581
44,ascending,2000,256,27,3.09859561920166
44,ascending,2000,256,28,2.2711758613586426
44,ascending,2000,256,29,1.5587255954742432
44,ascending,2000,256,30,3.0864908695220947
44,ascending,2000,256,31,4.306889533996582
44,ascending,2500,32,0,2.881300687789917
44,ascending,2500,32,1,2.483962059020996
44,ascending,2500,32,2,1.8772109746932983
44,ascending,2500,32,3,1.6734551191329956
44,ascending,2500,32,4,2.692842960357666
44,ascending,2500,32,5,2.0554471015930176
44,ascending,2500,32,6,1.8953379392623901
44,ascending,2500,32,7,6.189321041107178
44,ascending,2500,32,8,2.368683338165283
44,ascending,2500,32,9,2.8723630905151367
44,ascending,2500,32,10,2.991877317428589
44,ascending,2500,32,11,1.8446693420410156
44,ascending,2500,32,12,2.2165708541870117
44,ascending,2500,32,13,1.593052625656128
44,ascending,2500,32,14,2.0050008296966553
44,ascending,2500,32,15,2.4619815349578857
44,ascending,2500,32,16,1.898057460784912
44,ascending,2500,32,17,1.6069231033325195
44,ascending,2500,32,18,3.2420456409454346
44,ascending,2500,32,19,2.104848861694336
44,ascending,2500,32,20,1.7868528366088867
44,ascending,2500,32,21,1.997483253479004
44,ascending,2500,32,22,2.1956193447113037
44,ascending,2500,32,23,2.4766340255737305
44,ascending,2500,32,24,1.8126094341278076
44,ascending,2500,32,25,2.7964484691619873
44,ascending,2500,32,26,1.4846111536026
44,ascending,2500,32,27,3.039036989212036
44,ascending,2500,32,28,1.990969181060791
44,ascending,2500,32,29,1.8935167789459229
44,ascending,2500,32,30,3.1689553260803223
44,ascending,2500,32,31,4.328192234039307
44,ascending,2500,64,0,2.8131372928619385
44,ascending,2500,64,1,2.275926113128662
44,ascending,2500,64,2,1.518411636352539
44,ascending,2500,64,3,1.5153456926345825
44,ascending,2500,64,4,2.1402065753936768
44,ascending,2500,64,5,1.7897378206253052
44,ascending,2500,64,6,1.7633838653564453
44,ascending,2500,64,7,6.67130184173584
44,ascending,2500,64,8,2.3571267127990723
44,ascending,2500,64,9,2.632903814315796
44,ascending,2500,64,10,2.8556108474731445
44,ascending,2500,64,11,1.877084732055664
44,ascending,2500,64,12,1.9866431951522827
44,ascending,2500,64,13,1.3441481590270996
44,ascending,2500,64,14,1.809302568435669
44,ascending,2500,64,15,2.423907995223999
44,ascending,2500,64,16,1.7131710052490234
44,ascending,2500,64,17,1.2715336084365845
44,ascending,2500,64,18,2.8911473751068115
44,ascending,2500,64,19,2.183206796646118
44,ascending,2500,64,20,1.6425120830535889
44,ascending,2500,64,21,1.9402987957000732
44,ascending,2500,64,22,1.9794379472732544
44,ascending,2500,64,23,2.42655348777771
44,ascending,2500,64,24,1.582808256149292
44,ascending,2500,64,25,2.5333991050720215
44,ascending,2500,64,26,1.1969001293182373
44,ascending,2500,64,27,3.2009239196777344
44,ascending,2500,64,28,2.309077501296997
44,ascending,2500,64,29,1.5847200155258179
44,ascending,2500,64,30,3.0085341930389404
44,ascending,2500,64,31,4.363680839538574
44,ascending,2500,128,0,2.7672603130340576
44,ascending,2500,128,1,2.333427667617798
44,ascending,2500,128,2,1.5923137664794922
44,ascending,2500,128,3,1.518280029296875
44,ascending,2500,128,4,2.098050594329834
44,ascending,2500,128,5,1.7456493377685547
44,ascending,2500,128,6,1.7645695209503174
44,ascending,2500,128,7,6.657943248748779
44,ascending,2500,128,8,2.3439371585845947
44,ascending,2500,128,9,2.5965585708618164
44,ascending,2500,128,10,2.8742525577545166
44,ascending,2500,128,11,1.8696436882019043
44,ascending,2500,128,12,2.013019323348999
44,ascending,2500,128,13,1.2912040948867798
44,ascending,2500,128,14,1.8244102001190186
44,ascending,2500,128,15,2.435371160507202
44,ascending,2500,128,16,1.6955605745315552
44,ascending,2500,128,17,1.3146418333053589
44,ascending,2500,128,18,2.9257805347442627
44,ascending,2500,128,19,2.184812307357788
44,ascending,2500,128,20,1.6635679006576538
44,ascending,2500,128,21,1.9691435098648071
44,ascending,2500,128,22,1.9307570457458496
44,ascending,2500,128,23,2.432317018508911
44,ascending,2500,128,24,1.575952410697937
44,ascending,2500,128,25,2.454397678375244
44,ascending,2500,128,26,1.1817516088485718
44,ascending,2500,128,27,3.2390224933624268
44,ascending,2500,128,28,2.2966976165771484
44,ascending,2500,128,29,1.5557830333709717
44,ascending,2500,128,30,2.9849846363067627
44,ascending,2500,128,31,4.3339972496032715
44,ascending,2500,256,0,2.755628824234009
44,ascending,2500,256,1,2.330035448074341
44,ascending,2500,256,2,1.5492266416549683
44,ascending,2500,256,3,1.5259958505630493
44,ascending,2500,256,4,2.0649185180664062
44,ascending,2500,256,5,1.7335084676742554
44,ascending,2500,256,6,1.8232388496398926
44,ascending,2500,256,7,6.585580348968506
44,ascending,2500,256,8,2.358151912689209
44,ascending,2500,256,9,2.5899922847747803
44,ascending,2500,256,10,2.8401100635528564
44,ascending,2500,256,11,1.8526796102523804
44,ascending,2500,256,12,1.9893150329589844
44,ascending,2500,256,13,1.2842285633087158
44,ascending,2500,256,14,1.8424580097198486
44,ascending,2500,256,15,2.4072303771972656
44,ascending,2500,256,16,1.7431551218032837
44,ascending,2500,256,17,1.3162662982940674
44,ascending,2500,256,18,2.9384219646453857
44,ascending,2500,256,19,2.1356875896453857
44,ascending,2500,256,20,1.64568030834198
44,ascending,2500,256,21,1.8741439580917358
44,ascending,2500,256,22,1.934342861175537
44,ascending,2500,256,23,2.4353857040405273
44,ascending,2500,256,24,1.5727726221084595
44,ascending,2500,256,25,2.4792237281799316
44,ascending,2500,256,26,1.1748265027999878
44,ascending,2500,256,27,3.229123592376709
44,ascending,2500,256,28,2.284149408340454
44,ascending,2500,256,29,1.5617414712905884
44,ascending,2500,256,30,2.9544293880462646
44,ascending,2500,256,31,4.278098106384277
44,descending,2000,32,0,2.4615466594696045
44,descending,2000,32,1,2.591153860092163
44,descending,2000,32,2,1.7128794193267822
44,descending,2000,32,3,1.6833502054214478
44,descending,2000,32,4,2.5424964427948
44,descending,2000,32,5,1.92257821559906
44,descending,2000,32,6,1.7892091274261475
44,descending,2000,32,7,5.825726509094238
44,descending,2000,32,8,2.501829147338867
44,descending,2000,32,9,2.648045539855957
44,descending,2000,32,10,2.778177499771118
44,descending,2000,32,11,1.8186506032943726
44,descending,2000,32,12,2.2469069957733154
44,descending,2000,32,13,1.5518338680267334
44,descending,2000,32,14,2.0089285373687744
44,descending,2000,32,15,2.499096393585205
44,descending,2000,32,16,1.888358473777771
44,descending,2000,32,17,1.631761074066162
44,descending,2000,32,18,2.550166368484497
44,descending,2000,32,19,2.3746533393859863
44,descending,2000,32,20,1.6025218963623047
44,descending,2000,32,21,2.0387673377990723
44,descending,2000,32,22,2.0011637210845947
44,descending,2000,32,23,2.40434193611145
44,descending,2000,32,24,1.8588886260986328
44,descending,2000,32,25,2.7830023765563965
44,descending,2000,32,26,1.6989173889160156
44,descending,2000,32,27,2.981902837753296
44,descending,2000,32,28,1.8537940979003906
44,descending,2000,32,29,1.907271385192871
44,descending,2000,32,30,2.965702533721924
44,descending,2000,32,31,3.5385849475860596
44,descending,2000,64,0,2.293820381164551
44,descending,2000,64,1,2.478585958480835
44,descending,2000,64,2,1.6045950651168823
44,descending,2000,64,3,1.6377615928649902
44,descending,2000,64,4,2.0386834144592285
44,descending,2000,64,5,1.9043831825256348
44,descending,2000,64,6,1.7690589427947998
44,descending,2000,64,7,6.184556007385254
44,descending,2000,64,8,2.330571174621582
44,descending,2000,64,9,2.4378857612609863
44,descending,2000,64,10,2.738003969192505
44,descending,2000,64,11,1.5714192390441895
44,descending,2000,64,12,2.1402366161346436
44,descending,2000,64,13,1.2827547788619995
44,descending,2000,64,14,1.7910112142562866
44,descending,2000,64,15,2.327291250228882
44,descending,2000,64,16,1.6906912326812744
44,descending,2000,64,17,1.462340235710144
44,descending,2000,64,18,2.1791305541992188
44,descending,2000,64,19,2.446868658065796
44,descending,2000,64,20,1.553184986114502
44,descending,2000,64,21,1.9325380325317383
44,descending,2000,64,22,1.7790948152542114
44,descending,2000,64,23,2.286320924758911
44,descending,2000,64,24,1.3202458620071411
44,descending,2000,64,25,2.6850006580352783
44,descending,2000,64,26,1.479406476020813
44,descending,2000,64,27,3.033311367034912
44,descending,2000,64,28,1.805763840675354
44,descending,2000,64,29,1.5994844436645508
44,descending,2000,64,30,2.7474753856658936
44,descending,2000,64,31,3.5630486011505127
44,descending,2000,128,0,2.2914297580718994
44,descending,2000,128,1,2.4965133666992188
44,descending,2000,128,2,1.702968716621399
44,descending,2000,128,3,1.6614692211151123
44,descending,2000,128,4,2.007398843765259
44,descending,2000,128,5,1.9775410890579224
44,descending,2000,128,6,1.8375473022460938
44,descending,2000,128,7,6.265328407287598
44,descending,2000,128,8,2.380284309387207
44,descending,2000,128,9,2.3308141231536865
44,descending,2000,128,10,2.7102527618408203
44,descending,2000,128,11,1.5964012145996094
44,descending,2000,128,12,2.175710916519165
44,descending,2000,128,13,1.2879737615585327
44,descending,2000,128,14,1.8416242599487305
44,descending,2000,128,15,2.4759747982025146
44,descending,2000,128,16,1.7437208890914917
44,descending,2000,128,17,1.4454007148742676
44,descending,2000,128,18,2.2990314960479736
44,descending,2000,128,19,2.506319761276245
44,descending,2000,128,20,1.6252745389938354
44,descending,2000,128,21,1.9178556203842163
44,descending,2000,128,22,1.7805336713790894
44,descending,2000,128,23,2.3020730018615723
44,descending,2000,128,24,1.316078782081604
44,descending,2000,128,25,2.702073812484741
44,descending,2000,128,26,1.5125294923782349
44,descending,2000,128,27,2.895007371902466
44,descending,2000,128,28,1.8092299699783325
44,descending,2000,128,29,1.6464766263961792
44,descending,2000,128,30,2.7974183559417725
44,descending,2000,128,31,3.492102861404419
44,descending,2000,256,0,3.0597119331359863
44,descending,2000,256,1,3.5717945098876953
44,descending,2000,256,2,2.6649010181427
44,descending,2000,256,3,2.5078742504119873
44,descending,2000,256,4,2.917407512664795
44,descending,2000,256,5,2.4495558738708496
44,descending,2000,256,6,3.119204044342041
44,descending,2000,256,7,6.231210708618164
44,descending,2000,256,8,4.211837291717529
44,descending,2000,256,9,4.31697416305542
44,descending,2000,256,10,4.022704601287842
44,descending,2000,256,11,2.8182785511016846
44,descending,2000,256,12,3.365598201751709
44,descending,2000,256,13,2.489968776702881
44,descending,2000,256,14,2.6668896675109863
44,descending,2000,256,15,3.1675899028778076
44,descending,2000,256,16,2.9014739990234375
44,descending,2000,256,17,2.532435178756714
44,descending,2000,256,18,3.756629467010498
44,descending,2000,256,19,3.9103522300720215
44,descending,2000,256,20,2.417670488357544
44,descending,2000,256,21,2.629910945892334
44,descending,2000,256,22,2.4981329441070557
44,descending,2000,256,23,3.039438486099243
44,descending,2000,256,24,2.7694895267486572
44,descending,2000,256,25,3.5977299213409424
44,descending,2000,256,26,3.576420783996582
44,descending,2000,256,27,3.3193342685699463
44,descending,2000,256,28,2.599773406982422
44,descending,2000,256,29,2.928157091140747
44,descending,2000,256,30,3.6267478466033936
44,descending,2000,256,31,4.188612461090088
44,descending,2500,32,0,2.565673828125
44,descending,2500,32,1,2.5964579582214355
44,descending,2500,32,2,1.7209763526916504
44,descending,2500,32,3,1.6226598024368286
44,descending,2500,32,4,2.4438774585723877
44,descending,2500,32,5,2.008239507675171
44,descending,2500,32,6,1.7829194068908691
44,descending,2500,32,7,6.170485496520996
44,descending,2500,32,8,2.5305862426757812
44,descending,2500,32,9,2.9195144176483154
44,descending,2500,32,10,2.7938296794891357
44,descending,2500,32,11,1.9992079734802246
44,descending,2500,32,12,2.291856288909912
44,descending,2500,32,13,1.7121226787567139
44,descending,2500,32,14,1.9317772388458252
44,descending,2500,32,15,2.60715913772583
44,descending,2500,32,16,1.9133068323135376
44,descending,2500,32,17,1.6578073501586914
44,descending,2500,32,18,2.7065703868865967
44,descending,2500,32,19,2.2857630252838135
44,descending,2500,32,20,1.535500168800354
44,descending,2500,32,21,2.0349903106689453
44,descending,2500,32,22,2.2438530921936035
44,descending,2500,32,23,2.417065143585205
44,descending,2500,32,24,1.7710790634155273
44,descending,2500,32,25,2.8879284858703613
44,descending,2500,32,26,1.6178340911865234
44,descending,2500,32,27,2.923482894897461
44,descending,2500,32,28,1.7767475843429565
44,descending,2500,32,29,2.0404770374298096
44,descending,2500,32,30,2.985790729522705
44,descending,2500,32,31,3.380415678024292
44,descending,2500,64,0,2.4343864917755127
44,descending,2500,64,1,2.4744019508361816
44,descending,2500,64,2,1.4455780982971191
44,descending,2500,64,3,1.5431628227233887
44,descending,2500,64,4,1.9318548440933228
44,descending,2500,64,5,1.9502619504928589
44,descending,2500,64,6,1.7860208749771118
44,descending,2500,64,7,6.383449554443359
44,descending,2500,64,8,2.3670811653137207
44,descending,2500,64,9,2.6178321838378906
44,descending,2500,64,10,2.6698553562164307
44,descending,2500,64,11,1.6752030849456787
44,descending,2500,64,12,2.210588216781616
44,descending,2500,64,13,1.4485218524932861
44,descending,2500,64,14,1.7344239950180054
44,descending,2500,64,15,2.383240222930908
44,descending,2500,64,16,1.672850251197815
44,descending,2500,64,17,1.295417308807373
44,descending,2500,64,18,2.4503958225250244
44,descending,2500,64,19,2.258565902709961
44,descending,2500,64,20,1.4920557737350464
44,descending,2500,64,21,1.8982042074203491
44,descending,2500,64,22,1.8887091875076294
44,descending,2500,64,23,2.2756080627441406
44,descending,2500,64,24,1.273757815361023
44,descending,2500,64,25,2.832737684249878
44,descending,2500,64,26,1.3476701974868774
44,descending,2500,64,27,2.87992000579834
44,descending,2500,64,28,1.8124141693115234
44,descending,2500,64,29,1.585092544555664
44,descending,2500,64,30,2.685054063796997
44,descending,2500,64,31,3.405369281768799
44,descending,2500,128,0,2.4214282035827637
44,descending,2500,128,1,2.4641246795654297
44,descending,2500,128,2,1.4806143045425415
44,descending,2500,128,3,1.4671037197113037
44,descending,2500,128,4,1.9166548252105713
44,descending,2500,128,5,1.9318206310272217
44,descending,2500,128,6,1.7252939939498901
44,descending,2500,128,7,6.431410312652588
44,descending,2500,128,8,2.3619983196258545
44,descending,2500,128,9,2.6357083320617676
44,descending,2500,128,10,2.6726291179656982
44,descending,2500,128,11,1.6972624063491821
44,descending,2500,128,12,2.2489194869995117
44,descending,2500,128,13,1.4437453746795654
44,descending,2500,128,14,1.7434606552124023
44,descending,2500,128,15,2.3835556507110596
44,descending,2500,128,16,1.6811200380325317
44,descending,2500,128,17,1.2723549604415894
44,descending,2500,128,18,2.553253412246704
44,descending,2500,128,19,2.293917655944824
44,descending,2500,128,20,1.483865737915039
44,descending,2500,128,21,1.8686596155166626
44,descending,2500,128,22,1.9173429012298584
44,descending,2500,128,23,2.3052237033843994
44,descending,2500,128,24,1.2668888568878174
44,descending,2500,128,25,2.844102621078491
44,descending,2500,128,26,1.3405529260635376
44,descending,2500,128,27,2.873732566833496
44,descending,2500,128,28,1.7799701690673828
44,descending,2500,128,29,1.5730407238006592
44,descending,2500,128,30,2.6586098670959473
44,descending,2500,128,31,3.39446759223938
44,descending,2500,256,0,2.3884165287017822
44,descending,2500,256,1,2.5139431953430176
44,descending,2500,256,2,1.489112138748169
44,descending,2500,256,3,1.4269602298736572
44,descending,2500,256,4,1.9942632913589478
44,descending,2500,256,5,1.9370037317276
44,descending,2500,256,6,1.7036736011505127
44,descending,2500,256,7,6.561861991882324
44,descending,2500,256,8,2.381207227706909
44,descending,2500,256,9,2.6390724182128906
44,descending,2500,256,10,2.7004964351654053
44,descending,2500,256,11,1.7272628545761108
44,descending,2500,256,12,2.3345947265625
44,descending,2500,256,13,1.4299180507659912
44,descending,2500,256,14,1.7943586111068726
44,descending,2500,256,15,2.4331655502319336
44,descending,2500,256,16,1.6509130001068115
44,descending,2500,256,17,1.2940908670425415
44,descending,2500,256,18,2.574230432510376
44,descending,2500,256,19,2.2645187377929688
44,descending,2500,256,20,1.4677568674087524
44,descending,2500,256,21,1.831761121749878
44,descending,2500,256,22,1.880798101425171
44,descending,2500,256,23,2.3371317386627197
44,descending,2500,256,24,1.3251614570617676
44,descending,2500,256,25,2.8536217212677
44,descending,2500,256,26,1.338616967201233
44,descending,2500,256,27,2.9030377864837646
44,descending,2500,256,28,1.7452713251113892
44,descending,2500,256,29,1.5700041055679321
44,descending,2500,256,30,2.7275071144104004
44,descending,2500,256,31,3.4058423042297363
44,nonmonotonic,2000,32,0,2.6585826873779297
44,nonmonotonic,2000,32,1,2.6348392963409424
44,nonmonotonic,2000,32,2,1.6843464374542236
44,nonmonotonic,2000,32,3,1.7535693645477295
44,nonmonotonic,2000,32,4,2.329568862915039
44,nonmonotonic,2000,32,5,1.864341139793396
44,nonmonotonic,2000,32,6,2.047619581222534
44,nonmonotonic,2000,32,7,5.412455081939697
44,nonmonotonic,2000,32,8,2.616187810897827
44,nonmonotonic,2000,32,9,2.74839186668396
44,nonmonotonic,2000,32,10,2.4845685958862305
44,nonmonotonic,2000,32,11,1.927067518234253
44,nonmonotonic,2000,32,12,2.3401730060577393
44,nonmonotonic,2000,32,13,1.7007662057876587
44,nonmonotonic,2000,32,14,1.6799415349960327
44,nonmonotonic,2000,32,15,2.7023255825042725
44,nonmonotonic,2000,32,16,1.687225103378296
44,nonmonotonic,2000,32,17,1.5866883993148804
44,nonmonotonic,2000,32,18,2.7660024166107178
44,nonmonotonic,2000,32,19,2.249711751937866
44,nonmonotonic,2000,32,20,1.6284810304641724
44,nonmonotonic,2000,32,21,2.004922866821289
44,nonmonotonic,2000,32,22,2.0859622955322266
44,nonmonotonic,2000,32,23,2.3997457027435303
44,nonmonotonic,2000,32,24,1.7915385961532593
44,nonmonotonic,2000,32,25,3.359201669692993
44,nonmonotonic,2000,32,26,1.6933834552764893
44,nonmonotonic,2000,32,27,3.099728584289551
44,nonmonotonic,2000,32,28,1.9496170282363892
44,nonmonotonic,2000,32,29,2.05899977684021
44,nonmonotonic,2000,32,30,2.746501922607422
44,nonmonotonic,2000,32,31,3.097031593322754
44,nonmonotonic,2000,64,0,2.2623848915100098
44,nonmonotonic,2000,64,1,2.4901809692382812
44,nonmonotonic,2000,64,2,1.5695327520370483
44,nonmonotonic,2000,64,3,1.6571319103240967
44,nonmonotonic,2000,64,4,1.7628135681152344
44,nonmonotonic,2000,64,5,1.663459062576294
44,nonmonotonic,2000,64,6,2.0399246215820312
44,nonmonotonic,2000,64,7,5.695793151855469
44,nonmonotonic,2000,64,8,2.463132858276367
44,nonmonotonic,2000,64,9,2.6965548992156982
44,nonmonotonic,2000,64,10,2.3671875
44,nonmonotonic,2000,64,11,1.698154091835022
44,nonmonotonic,2000,64,12,2.093029499053955
44,nonmonotonic,2000,64,13,1.4383246898651123
44,nonmonotonic,2000,64,14,1.5825097560882568
44,nonmonotonic,2000,64,15,2.5786445140838623
44,nonmonotonic,2000,64,16,1.5444715023040771
44,nonmonotonic,2000,64,17,1.4343211650848389
44,nonmonotonic,2000,64,18,2.3175551891326904
44,nonmonotonic,2000,64,19,2.2635207176208496
44,nonmonotonic,2000,64,20,1.6139006614685059
44,nonmonotonic,2000,64,21,1.882371425628662
44,nonmonotonic,2000,64,22,2.0126888751983643
44,nonmonotonic,2000,64,23,2.287147045135498
44,nonmonotonic,2000,64,24,1.523192048072815
44,nonmonotonic,2000,64,25,3.007388114929199
44,nonmonotonic,2000,64,26,1.510087490081787
44,nonmonotonic,2000,64,27,3.1038053035736084
44,nonmonotonic,2000,64,28,2.004418134689331
44,nonmonotonic,2000,64,29,1.6126008033752441
44,nonmonotonic,2000,64,30,2.8318707942962646
44,nonmonotonic,2000,64,31,3.200655221939087
44,nonmonotonic,2000,128,0,2.2447667121887207
44,nonmonotonic,2000,128,1,2.468264579772949
44,nonmonotonic,2000,128,2,1.5823009014129639
44,nonmonotonic,2000,128,3,1.6453384160995483
44,nonmonotonic,2000,128,4,1.7460012435913086
44,nonmonotonic,2000,128,5,1.6584250926971436
44,nonmonotonic,2000,128,6,2.008606433868408
44,nonmonotonic,2000,128,7,5.836755275726318
44,nonmonotonic,2000,128,8,2.4275786876678467
44,nonmonotonic,2000,128,9,2.6720542907714844
44,nonmonotonic,2000,128,10,2.3478291034698486
44,nonmonotonic,2000,128,11,1.6781262159347534
44,nonmonotonic,2000,128,12,2.072443723678589
44,nonmonotonic,2000,128,13,1.4588899612426758
44,nonmonotonic,2000,128,14,1.598314881324768
44,nonmonotonic,2000,128,15,2.542304277420044
44,nonmonotonic,2000,128,16,1.5395677089691162
44,nonmonotonic,2000,128,17,1.447800874710083
44,nonmonotonic,2000,128,18,2.3600165843963623
44,nonmonotonic,2000,128,19,2.2542917728424072
44,nonmonotonic,2000,128,20,1.6157580614089966
44,nonmonotonic,2000,128,21,1.8839261531829834
44,nonmonotonic,2000,128,22,1.949352502822876
44,nonmonotonic,2000,128,23,2.3029415607452393
44,nonmonotonic,2000,128,24,1.5363023281097412
44,nonmonotonic,2000,128,25,3.01973819732666
44,nonmonotonic,2000,128,26,1.5392911434173584
44,nonmonotonic,2000,128,27,3.068211317062378
44,nonmonotonic,2000,128,28,1.9736796617507935
44,nonmonotonic,2000,128,29,1.6304422616958618
44,nonmonotonic,2000,128,30,2.8130152225494385
44,nonmonotonic,2000,128,31,3.2574827671051025
44,nonmonotonic,2000,256,0,2.2936627864837646
44,nonmonotonic,2000,256,1,2.476485252380371
44,nonmonotonic,2000,256,2,1.6921002864837646
44,nonmonotonic,2000,256,3,1.695937991142273
44,nonmonotonic,2000,256,4,1.7682965993881226
44,nonmonotonic,2000,256,5,1.8133437633514404
44,nonmonotonic,2000,256,6,2.0650839805603027
44,nonmonotonic,2000,256,7,5.746642112731934
44,nonmonotonic,2000,256,8,2.5765604972839355
44,nonmonotonic,2000,256,9,2.6935839653015137
44,nonmonotonic,2000,256,10,2.3707468509674072
44,nonmonotonic,2000,256,11,1.7684621810913086
44,nonmonotonic,2000,256,12,2.2801527976989746
44,nonmonotonic,2000,256,13,1.5188671350479126
44,nonmonotonic,2000,256,14,1.6418510675430298
44,nonmonotonic,2000,256,15,2.7065539360046387
44,nonmonotonic,2000,256,16,1.7615540027618408
44,nonmonotonic,2000,256,17,1.4622069597244263
44,nonmonotonic,2000,256,18,2.415168046951294
44,nonmonotonic,2000,256,19,2.3140594959259033
44,nonmonotonic,2000,256,20,1.5714576244354248
44,nonmonotonic,2000,256,21,1.8195856809616089
44,nonmonotonic,2000,256,22,2.0987541675567627
44,nonmonotonic,2000,256,23,2.3179361820220947
44,nonmonotonic,2000,256,24,1.5441445112228394
44,nonmonotonic,2000,256,25,3.2307345867156982
44,nonmonotonic,2000,256,26,1.5920376777648926
44,nonmonotonic,2000,256,27,3.0919294357299805
44,nonmonotonic,2000,256,28,2.0215964317321777
44,nonmonotonic,2000,256,29,1.676486849784851
44,nonmonotonic,2000,256,30,2.782949209213257
44,nonmonotonic,2000,256,31,3.368386745452881
44,nonmonotonic,2500,32,0,2.8211231231689453
44,nonmonotonic,2500,32,1,2.68375825881958
44,nonmonotonic,2500,32,2,1.7666511535644531
44,nonmonotonic,2500,32,3,1.6345765590667725
44,nonmonotonic,2500,32,4,2.4157938957214355
44,nonmonotonic,2500,32,5,1.834284782409668
44,nonmonotonic,2500,32,6,1.9302128553390503
44,nonmonotonic,2500,32,7,5.702659606933594
44,nonmonotonic,2500,32,8,2.5049798488616943
44,nonmonotonic,2500,32,9,2.7428722381591797
44,nonmonotonic,2500,32,10,2.494793653488159
44,nonmonotonic,2500,32,11,2.046539545059204
44,nonmonotonic,2500,32,12,2.334815740585327
44,nonmonotonic,2500,32,13,1.7153812646865845
44,nonmonotonic,2500,32,14,1.8427965641021729
44,nonmonotonic,2500,32,15,2.8554563522338867
44,nonmonotonic,2500,32,16,1.7139017581939697
44,nonmonotonic,2500,32,17,1.7208716869354248
44,nonmonotonic,2500,32,18,2.8899359703063965
44,nonmonotonic,2500,32,19,2.1971678733825684
44,nonmonotonic,2500,32,20,1.7183151245117188
44,nonmonotonic,2500,32,21,1.9756968021392822
44,nonmonotonic,2500,32,22,2.099900484085083
44,nonmonotonic,2500,32,23,2.4326887130737305
44,nonmonotonic,2500,32,24,1.7539901733398438
44,nonmonotonic,2500,32,25,3.3387577533721924
44,nonmonotonic,2500,32,26,1.6236754655838013
44,nonmonotonic,2500,32,27,3.17305850982666
44,nonmonotonic,2500,32,28,2.0447332859039307
44,nonmonotonic,2500,32,29,2.152989625930786
44,nonmonotonic,2500,32,30,3.0878353118896484
44,nonmonotonic,2500,32,31,3.2953596115112305
44,nonmonotonic,2500,64,0,2.306795358657837
44,nonmonotonic,2500,64,1,2.495866537094116
44,nonmonotonic,2500,64,2,1.534545660018921
44,nonmonotonic,2500,64,3,1.5354461669921875
44,nonmonotonic,2500,64,4,1.7504161596298218
44,nonmonotonic,2500,64,5,1.5225437879562378
44,nonmonotonic,2500,64,6,1.9208862781524658
44,nonmonotonic,2500,64,7,6.07371187210083
44,nonmonotonic,2500,64,8,2.3378396034240723
44,nonmonotonic,2500,64,9,2.504584312438965
44,nonmonotonic,2500,64,10,2.3782806396484375
44,nonmonotonic,2500,64,11,1.8214008808135986
44,nonmonotonic,2500,64,12,2.05502986907959
44,nonmonotonic,2500,64,13,1.5147011280059814
44,nonmonotonic,2500,64,14,1.6456422805786133
44,nonmonotonic,2500,64,15,2.811871290206909
44,nonmonotonic,2500,64,16,1.564807415008545
44,nonmonotonic,2500,64,17,1.496510624885559
44,nonmonotonic,2500,64,18,2.4663050174713135
44,nonmonotonic,2500,64,19,2.2537755966186523
44,nonmonotonic,2500,64,20,1.6505900621414185
44,nonmonotonic,2500,64,21,1.8845117092132568
44,nonmonotonic,2500,64,22,1.977620244026184
44,nonmonotonic,2500,64,23,2.2137246131896973
44,nonmonotonic,2500,64,24,1.3997948169708252
44,nonmonotonic,2500,64,25,2.898314952850342
44,nonmonotonic,2500,64,26,1.4980714321136475
44,nonmonotonic,2500,64,27,3.1251349449157715
44,nonmonotonic,2500,64,28,2.1711666584014893
44,nonmonotonic,2500,64,29,1.6627540588378906
44,nonmonotonic,2500,64,30,2.990617275238037
44,nonmonotonic,2500,64,31,3.3594324588775635
44,nonmonotonic,2500,128,0,2.3150126934051514
44,nonmonotonic,2500,128,1,2.4810307025909424
44,nonmonotonic,2500,128,2,1.5026179552078247
44,nonmonotonic,2500,128,3,1.5339384078979492
44,nonmonotonic,2500,128,4,1.7130627632141113
44,nonmonotonic,2500,128,5,1.5070879459381104
44,nonmonotonic,2500,128,6,1.9521565437316895
44,nonmonotonic,2500,128,7,6.1097869873046875
44,nonmonotonic,2500,128,8,2.299635171890259
44,nonmonotonic,2500,128,9,2.4572744369506836
44,nonmonotonic,2500,128,10,2.36501407623291
44,nonmonotonic,2500,128,11,1.7910008430480957
44,nonmonotonic,2500,128,12,2.024578809738159
44,nonmonotonic,2500,128,13,1.516200065612793
44,nonmonotonic,2500,128,14,1.6878360509872437
44,nonmonotonic,2500,128,15,2.7411441802978516
44,nonmonotonic,2500,128,16,1.5491385459899902
44,nonmonotonic,2500,128,17,1.5483088493347168
44,nonmonotonic,2500,128,18,2.51492977142334
44,nonmonotonic,2500,128,19,2.2238972187042236
44,nonmonotonic,2500,128,20,1.6482467651367188
44,nonmonotonic,2500,128,21,1.9001822471618652
44,nonmonotonic,2500,128,22,1.9558192491531372
44,nonmonotonic,2500,128,23,2.2176098823547363
44,nonmonotonic,2500,128,24,1.3985397815704346
44,nonmonotonic,2500,128,25,2.89223575592041
44,nonmonotonic,2500,128,26,1.4963315725326538
44,nonmonotonic,2500,128,27,3.1030120849609375
44,nonmonotonic,2500,128,28,2.215423822402954
44,nonmonotonic,2500,128,29,1.6901990175247192
44,nonmonotonic,2500,128,30,3.0407469272613525
44,nonmonotonic,2500,128,31,3.416790723800659
44,nonmonotonic,2500,256,0,2.337204933166504
44,nonmonotonic,2500,256,1,2.48462176322937
44,nonmonotonic,2500,256,2,1.4973772764205933
44,nonmonotonic,2500,256,3,1.5289560556411743
44,nonmonotonic,2500,256,4,1.7029880285263062
44,nonmonotonic,2500,256,5,1.508821964263916
44,nonmonotonic,2500,256,6,1.9440555572509766
44,nonmonotonic,2500,256,7,6.368582248687744
44,nonmonotonic,2500,256,8,2.3195114135742188
44,nonmonotonic,2500,256,9,2.3893704414367676
44,nonmonotonic,2500,256,10,2.3774032592773438
44,nonmonotonic,2500,256,11,1.7880327701568604
44,nonmonotonic,2500,256,12,2.0768425464630127
44,nonmonotonic,2500,256,13,1.5135753154754639
44,nonmonotonic,2500,256,14,1.7328306436538696
44,nonmonotonic,2500,256,15,2.7254672050476074
44,nonmonotonic,2500,256,16,1.5822190046310425
44,nonmonotonic,2500,256,17,1.5746012926101685
44,nonmonotonic,2500,256,18,2.5027971267700195
44,nonmonotonic,2500,256,19,2.176879405975342
44,nonmonotonic,2500,256,20,1.6403082609176636
44,nonmonotonic,2500,256,21,1.9239846467971802
44,nonmonotonic,2500,256,22,2.0031893253326416
44,nonmonotonic,2500,256,23,2.2006702423095703
44,nonmonotonic,2500,256,24,1.3767187595367432
44,nonmonotonic,2500,256,25,2.949497699737549
44,nonmonotonic,2500,256,26,1.4961988925933838
44,nonmonotonic,2500,256,27,3.0758814811706543
44,nonmonotonic,2500,256,28,2.1729931831359863
44,nonmonotonic,2500,256,29,1.7040811777114868
44,nonmonotonic,2500,256,30,3.038071870803833
44,nonmonotonic,2500,256,31,3.5116593837738037
